#desimos	committee	regolamento	#fredianellig
#desimos	committee	regolamento	#silvionic
#desimos	committee	regolamento	#simonettim
#fredianellig	committee	regolamento	#silvionic
#fredianellig	committee	regolamento	#simonettim
#silvionic	committee	regolamento	#simonettim
#marsilia	committee	investigazione	#lunardinil
#marsilia	committee	investigazione	#pasquinellis
#marsilia	committee	investigazione	#maffeis
#lunardinil	committee	investigazione	#pasquinellis
#lunardinil	committee	investigazione	#maffeis
#pasquinellis	committee	investigazione	#maffeis
#maffeis	committee	investigazione	#pasquinellis
#maffeis	committee	investigazione	#pellegrinic
#maffeis	committee	investigazione	#lunardinil
#maffeis	committee	investigazione	#desimos
#maffeis	committee	investigazione	#simonettim
#maffeis	committee	investigazione	#marsilia
#pasquinellis	committee	investigazione	#pellegrinic
#pasquinellis	committee	investigazione	#lunardinil
#pasquinellis	committee	investigazione	#desimos
#pasquinellis	committee	investigazione	#simonettim
#pasquinellis	committee	investigazione	#marsilia
#pellegrinic	committee	investigazione	#lunardinil
#pellegrinic	committee	investigazione	#desimos
#pellegrinic	committee	investigazione	#simonettim
#pellegrinic	committee	investigazione	#marsilia
#lunardinil	committee	investigazione	#desimos
#lunardinil	committee	investigazione	#simonettim
#lunardinil	committee	investigazione	#marsilia
#desimos	committee	investigazione	#simonettim
#desimos	committee	investigazione	#marsilia
#simonettim	committee	investigazione	#marsilia
#sodinij	committee	investigazione	#fredianellig
#sodinij	committee	investigazione	#silvionic
#fredianellig	committee	investigazione	#silvionic
#maffeis	committee	investigazione	#simonettim
#maffeis	committee	investigazione	#lunardinil
#maffeis	committee	investigazione	#sodinij
#maffeis	committee	investigazione	#pellegrinic
#simonettim	committee	investigazione	#lunardinil
#simonettim	committee	investigazione	#sodinij
#simonettim	committee	investigazione	#pellegrinic
#lunardinil	committee	investigazione	#sodinij
#lunardinil	committee	investigazione	#pellegrinic
#sodinij	committee	investigazione	#pellegrinic
#pellegrinic	committee	investigazione	#sodinij
#pellegrinic	committee	investigazione	#lucchesiam
#sodinij	committee	investigazione	#lucchesiam
#simonettim	committee	investigazione	#pasquinellis
#simonettim	committee	investigazione	#pellegrinic
#pasquinellis	committee	investigazione	#pellegrinic
#sodinij	committee	investigazione	#maffeis
#sodinij	committee	investigazione	#pasquinellis
#sodinij	committee	investigazione	#pacinic
#sodinij	committee	investigazione	#cappellinic
#maffeis	committee	investigazione	#pasquinellis
#maffeis	committee	investigazione	#pacinic
#maffeis	committee	investigazione	#cappellinic
#pasquinellis	committee	investigazione	#pacinic
#pasquinellis	committee	investigazione	#cappellinic
#pacinic	committee	investigazione	#cappellinic
#maffeis	committee	regolamento	#pellegrinic
#maffeis	committee	regolamento	#bertonie
#maffeis	committee	regolamento	#cappellinic
#pellegrinic	committee	regolamento	#bertonie
#pellegrinic	committee	regolamento	#cappellinic
#bertonie	committee	regolamento	#cappellinic
#fredianim	committee	regolamento	#cappellinic
#fredianim	committee	regolamento	#maffeis
#fredianim	committee	regolamento	#zinim
#fredianim	committee	regolamento	#simonettim
#fredianim	committee	regolamento	#fredianellig
#fredianim	committee	regolamento	#sodinij
#fredianim	committee	regolamento	#pasquinellis
#cappellinic	committee	regolamento	#maffeis
#cappellinic	committee	regolamento	#zinim
#cappellinic	committee	regolamento	#simonettim
#cappellinic	committee	regolamento	#fredianellig
#cappellinic	committee	regolamento	#sodinij
#cappellinic	committee	regolamento	#pasquinellis
#maffeis	committee	regolamento	#zinim
#maffeis	committee	regolamento	#simonettim
#maffeis	committee	regolamento	#fredianellig
#maffeis	committee	regolamento	#sodinij
#maffeis	committee	regolamento	#pasquinellis
#zinim	committee	regolamento	#simonettim
#zinim	committee	regolamento	#fredianellig
#zinim	committee	regolamento	#sodinij
#zinim	committee	regolamento	#pasquinellis
#simonettim	committee	regolamento	#fredianellig
#simonettim	committee	regolamento	#sodinij
#simonettim	committee	regolamento	#pasquinellis
#fredianellig	committee	regolamento	#sodinij
#fredianellig	committee	regolamento	#pasquinellis
#sodinij	committee	regolamento	#pasquinellis
#simonettim	committee	investigazione	#pasquinellis
#pasquinellis	committee	investigazione	#fredianim
#pasquinellis	committee	investigazione	#pellegrinic
#pasquinellis	committee	investigazione	#maffeis
#pasquinellis	committee	investigazione	#viganol
#pasquinellis	committee	investigazione	#tambellinig
#fredianim	committee	investigazione	#pellegrinic
#fredianim	committee	investigazione	#maffeis
#fredianim	committee	investigazione	#viganol
#fredianim	committee	investigazione	#tambellinig
#pellegrinic	committee	investigazione	#maffeis
#pellegrinic	committee	investigazione	#viganol
#pellegrinic	committee	investigazione	#tambellinig
#maffeis	committee	investigazione	#viganol
#maffeis	committee	investigazione	#tambellinig
#viganol	committee	investigazione	#tambellinig
#maffeis	committee	investigazione	#cappellinic
#maffeis	committee	investigazione	#lucchesiam
#maffeis	committee	investigazione	#giannig
#maffeis	committee	investigazione	#fredianellig
#maffeis	committee	investigazione	#pasquinellis
#cappellinic	committee	investigazione	#lucchesiam
#cappellinic	committee	investigazione	#giannig
#cappellinic	committee	investigazione	#fredianellig
#cappellinic	committee	investigazione	#pasquinellis
#lucchesiam	committee	investigazione	#giannig
#lucchesiam	committee	investigazione	#fredianellig
#lucchesiam	committee	investigazione	#pasquinellis
#giannig	committee	investigazione	#fredianellig
#giannig	committee	investigazione	#pasquinellis
#fredianellig	committee	investigazione	#pasquinellis
#pellegrinic	committee	regolamento	#pasquinellis
#pellegrinic	committee	regolamento	#fredianim
#pasquinellis	committee	regolamento	#fredianim
#sodinij	committee	investigazione	#tambellinig
#sodinij	committee	investigazione	#pasquinellis
#tambellinig	committee	investigazione	#pasquinellis
#pasquinellis	committee	investigazione	#fredianim
#pasquinellis	committee	investigazione	#lucchesiam
#pasquinellis	committee	investigazione	#sodinij
#pasquinellis	committee	investigazione	#viganol
#fredianim	committee	investigazione	#lucchesiam
#fredianim	committee	investigazione	#sodinij
#fredianim	committee	investigazione	#viganol
#lucchesiam	committee	investigazione	#sodinij
#lucchesiam	committee	investigazione	#viganol
#sodinij	committee	investigazione	#viganol
#marconic	committee	investigazione	#sodinij
#marconic	committee	investigazione	#lucchesiam
#sodinij	committee	investigazione	#lucchesiam
#sodinij	committee	investigazione	#fredianellig
#sodinij	committee	investigazione	#pardinib
#sodinij	committee	investigazione	#lunardinil
#fredianellig	committee	investigazione	#pardinib
#fredianellig	committee	investigazione	#lunardinil
#pardinib	committee	investigazione	#lunardinil
#pellegrinic	committee	investigazione	#desimos
#pellegrinic	committee	investigazione	#cinellio
#pellegrinic	committee	investigazione	#marconic
#pellegrinic	committee	investigazione	#pacinic
#desimos	committee	investigazione	#cinellio
#desimos	committee	investigazione	#marconic
#desimos	committee	investigazione	#pacinic
#cinellio	committee	investigazione	#marconic
#cinellio	committee	investigazione	#pacinic
#marconic	committee	investigazione	#pacinic
#marconic	committee	investigazione	#cappellinic
#marconic	committee	investigazione	#sodinij
#cappellinic	committee	investigazione	#sodinij
#marconic	committee	investigazione	#cappellinic
#marconic	committee	investigazione	#sodinij
#marconic	committee	investigazione	#maffeis
#marconic	committee	investigazione	#lucchesiam
#cappellinic	committee	investigazione	#sodinij
#cappellinic	committee	investigazione	#maffeis
#cappellinic	committee	investigazione	#lucchesiam
#sodinij	committee	investigazione	#maffeis
#sodinij	committee	investigazione	#lucchesiam
#maffeis	committee	investigazione	#lucchesiam
#zinim	committee	regolamento	#bertonie
#zinim	committee	regolamento	#fredianim
#zinim	committee	regolamento	#desantie
#zinim	committee	regolamento	#cinellio
#zinim	committee	regolamento	#simonettim
#bertonie	committee	regolamento	#fredianim
#bertonie	committee	regolamento	#desantie
#bertonie	committee	regolamento	#cinellio
#bertonie	committee	regolamento	#simonettim
#fredianim	committee	regolamento	#desantie
#fredianim	committee	regolamento	#cinellio
#fredianim	committee	regolamento	#simonettim
#desantie	committee	regolamento	#cinellio
#desantie	committee	regolamento	#simonettim
#cinellio	committee	regolamento	#simonettim
#lucchesiam	committee	investigazione	#viganol
#lucchesiam	committee	investigazione	#fredianellig
#viganol	committee	investigazione	#fredianellig
#pasquinellis	committee	investigazione	#marconic
#pasquinellis	committee	investigazione	#borellim
#marconic	committee	investigazione	#borellim
#viganol	committee	investigazione	#maffeis
#viganol	committee	investigazione	#pardinib
#maffeis	committee	investigazione	#pardinib
#simonettim	committee	investigazione	#fredianellig
#simonettim	committee	investigazione	#pasquinellis
#simonettim	committee	investigazione	#maffeis
#simonettim	committee	investigazione	#cinellio
#fredianellig	committee	investigazione	#pasquinellis
#fredianellig	committee	investigazione	#maffeis
#fredianellig	committee	investigazione	#cinellio
#pasquinellis	committee	investigazione	#maffeis
#pasquinellis	committee	investigazione	#cinellio
#maffeis	committee	investigazione	#cinellio
