#fredianim	committee	picnic	#zinim
#fredianim	committee	picnic	#pellegrinic
#fredianim	committee	picnic	#simonettim
#fredianim	committee	picnic	#pasquinellis
#fredianim	committee	picnic	#viganol
#fredianim	committee	picnic	#merciadrie
#fredianim	committee	picnic	#danesiv
#fredianim	committee	picnic	#paganuccis
#fredianim	committee	picnic	#paternim
#zinim	committee	picnic	#pellegrinic
#zinim	committee	picnic	#simonettim
#zinim	committee	picnic	#pasquinellis
#zinim	committee	picnic	#viganol
#zinim	committee	picnic	#merciadrie
#zinim	committee	picnic	#danesiv
#zinim	committee	picnic	#paganuccis
#zinim	committee	picnic	#paternim
#pellegrinic	committee	picnic	#simonettim
#pellegrinic	committee	picnic	#pasquinellis
#pellegrinic	committee	picnic	#viganol
#pellegrinic	committee	picnic	#merciadrie
#pellegrinic	committee	picnic	#danesiv
#pellegrinic	committee	picnic	#paganuccis
#pellegrinic	committee	picnic	#paternim
#simonettim	committee	picnic	#pasquinellis
#simonettim	committee	picnic	#viganol
#simonettim	committee	picnic	#merciadrie
#simonettim	committee	picnic	#danesiv
#simonettim	committee	picnic	#paganuccis
#simonettim	committee	picnic	#paternim
#pasquinellis	committee	picnic	#viganol
#pasquinellis	committee	picnic	#merciadrie
#pasquinellis	committee	picnic	#danesiv
#pasquinellis	committee	picnic	#paganuccis
#pasquinellis	committee	picnic	#paternim
#viganol	committee	picnic	#merciadrie
#viganol	committee	picnic	#danesiv
#viganol	committee	picnic	#paganuccis
#viganol	committee	picnic	#paternim
#merciadrie	committee	picnic	#danesiv
#merciadrie	committee	picnic	#paganuccis
#merciadrie	committee	picnic	#paternim
#danesiv	committee	picnic	#paganuccis
#danesiv	committee	picnic	#paternim
#paganuccis	committee	picnic	#paternim
#boninif	committee	ballo	#silvionic
#boninif	committee	ballo	#sodinij
#boninif	committee	ballo	#fredianim
#boninif	committee	ballo	#pellegrinic
#boninif	committee	ballo	#desimos
#boninif	committee	ballo	#bertonie
#boninif	committee	ballo	#cappellinic
#boninif	committee	ballo	#tambellinig
#boninif	committee	ballo	#serafinio
#boninif	committee	ballo	#marsilia
#boninif	committee	ballo	#simonettim
#boninif	committee	ballo	#lunardinil
#boninif	committee	ballo	#viganol
#boninif	committee	ballo	#pistelliu
#boninif	committee	ballo	#maffeis
#boninif	committee	ballo	#fredianellig
#boninif	committee	ballo	#paganuccis
#boninif	committee	ballo	#zinim
#boninif	committee	ballo	#merciadrie
#boninif	committee	ballo	#diriccoe
#boninif	committee	ballo	#giomettic
#boninif	committee	ballo	#pasquinelliam
#boninif	committee	ballo	#giangranedif
#boninif	committee	ballo	#pasquinellis
#silvionic	committee	ballo	#sodinij
#silvionic	committee	ballo	#fredianim
#silvionic	committee	ballo	#pellegrinic
#silvionic	committee	ballo	#desimos
#silvionic	committee	ballo	#bertonie
#silvionic	committee	ballo	#cappellinic
#silvionic	committee	ballo	#tambellinig
#silvionic	committee	ballo	#serafinio
#silvionic	committee	ballo	#marsilia
#silvionic	committee	ballo	#simonettim
#silvionic	committee	ballo	#lunardinil
#silvionic	committee	ballo	#viganol
#silvionic	committee	ballo	#pistelliu
#silvionic	committee	ballo	#maffeis
#silvionic	committee	ballo	#fredianellig
#silvionic	committee	ballo	#paganuccis
#silvionic	committee	ballo	#zinim
#silvionic	committee	ballo	#merciadrie
#silvionic	committee	ballo	#diriccoe
#silvionic	committee	ballo	#giomettic
#silvionic	committee	ballo	#pasquinelliam
#silvionic	committee	ballo	#giangranedif
#silvionic	committee	ballo	#pasquinellis
#sodinij	committee	ballo	#fredianim
#sodinij	committee	ballo	#pellegrinic
#sodinij	committee	ballo	#desimos
#sodinij	committee	ballo	#bertonie
#sodinij	committee	ballo	#cappellinic
#sodinij	committee	ballo	#tambellinig
#sodinij	committee	ballo	#serafinio
#sodinij	committee	ballo	#marsilia
#sodinij	committee	ballo	#simonettim
#sodinij	committee	ballo	#lunardinil
#sodinij	committee	ballo	#viganol
#sodinij	committee	ballo	#pistelliu
#sodinij	committee	ballo	#maffeis
#sodinij	committee	ballo	#fredianellig
#sodinij	committee	ballo	#paganuccis
#sodinij	committee	ballo	#zinim
#sodinij	committee	ballo	#merciadrie
#sodinij	committee	ballo	#diriccoe
#sodinij	committee	ballo	#giomettic
#sodinij	committee	ballo	#pasquinelliam
#sodinij	committee	ballo	#giangranedif
#sodinij	committee	ballo	#pasquinellis
#fredianim	committee	ballo	#pellegrinic
#fredianim	committee	ballo	#desimos
#fredianim	committee	ballo	#bertonie
#fredianim	committee	ballo	#cappellinic
#fredianim	committee	ballo	#tambellinig
#fredianim	committee	ballo	#serafinio
#fredianim	committee	ballo	#marsilia
#fredianim	committee	ballo	#simonettim
#fredianim	committee	ballo	#lunardinil
#fredianim	committee	ballo	#viganol
#fredianim	committee	ballo	#pistelliu
#fredianim	committee	ballo	#maffeis
#fredianim	committee	ballo	#fredianellig
#fredianim	committee	ballo	#paganuccis
#fredianim	committee	ballo	#zinim
#fredianim	committee	ballo	#merciadrie
#fredianim	committee	ballo	#diriccoe
#fredianim	committee	ballo	#giomettic
#fredianim	committee	ballo	#pasquinelliam
#fredianim	committee	ballo	#giangranedif
#fredianim	committee	ballo	#pasquinellis
#pellegrinic	committee	ballo	#desimos
#pellegrinic	committee	ballo	#bertonie
#pellegrinic	committee	ballo	#cappellinic
#pellegrinic	committee	ballo	#tambellinig
#pellegrinic	committee	ballo	#serafinio
#pellegrinic	committee	ballo	#marsilia
#pellegrinic	committee	ballo	#simonettim
#pellegrinic	committee	ballo	#lunardinil
#pellegrinic	committee	ballo	#viganol
#pellegrinic	committee	ballo	#pistelliu
#pellegrinic	committee	ballo	#maffeis
#pellegrinic	committee	ballo	#fredianellig
#pellegrinic	committee	ballo	#paganuccis
#pellegrinic	committee	ballo	#zinim
#pellegrinic	committee	ballo	#merciadrie
#pellegrinic	committee	ballo	#diriccoe
#pellegrinic	committee	ballo	#giomettic
#pellegrinic	committee	ballo	#pasquinelliam
#pellegrinic	committee	ballo	#giangranedif
#pellegrinic	committee	ballo	#pasquinellis
#desimos	committee	ballo	#bertonie
#desimos	committee	ballo	#cappellinic
#desimos	committee	ballo	#tambellinig
#desimos	committee	ballo	#serafinio
#desimos	committee	ballo	#marsilia
#desimos	committee	ballo	#simonettim
#desimos	committee	ballo	#lunardinil
#desimos	committee	ballo	#viganol
#desimos	committee	ballo	#pistelliu
#desimos	committee	ballo	#maffeis
#desimos	committee	ballo	#fredianellig
#desimos	committee	ballo	#paganuccis
#desimos	committee	ballo	#zinim
#desimos	committee	ballo	#merciadrie
#desimos	committee	ballo	#diriccoe
#desimos	committee	ballo	#giomettic
#desimos	committee	ballo	#pasquinelliam
#desimos	committee	ballo	#giangranedif
#desimos	committee	ballo	#pasquinellis
#bertonie	committee	ballo	#cappellinic
#bertonie	committee	ballo	#tambellinig
#bertonie	committee	ballo	#serafinio
#bertonie	committee	ballo	#marsilia
#bertonie	committee	ballo	#simonettim
#bertonie	committee	ballo	#lunardinil
#bertonie	committee	ballo	#viganol
#bertonie	committee	ballo	#pistelliu
#bertonie	committee	ballo	#maffeis
#bertonie	committee	ballo	#fredianellig
#bertonie	committee	ballo	#paganuccis
#bertonie	committee	ballo	#zinim
#bertonie	committee	ballo	#merciadrie
#bertonie	committee	ballo	#diriccoe
#bertonie	committee	ballo	#giomettic
#bertonie	committee	ballo	#pasquinelliam
#bertonie	committee	ballo	#giangranedif
#bertonie	committee	ballo	#pasquinellis
#cappellinic	committee	ballo	#tambellinig
#cappellinic	committee	ballo	#serafinio
#cappellinic	committee	ballo	#marsilia
#cappellinic	committee	ballo	#simonettim
#cappellinic	committee	ballo	#lunardinil
#cappellinic	committee	ballo	#viganol
#cappellinic	committee	ballo	#pistelliu
#cappellinic	committee	ballo	#maffeis
#cappellinic	committee	ballo	#fredianellig
#cappellinic	committee	ballo	#paganuccis
#cappellinic	committee	ballo	#zinim
#cappellinic	committee	ballo	#merciadrie
#cappellinic	committee	ballo	#diriccoe
#cappellinic	committee	ballo	#giomettic
#cappellinic	committee	ballo	#pasquinelliam
#cappellinic	committee	ballo	#giangranedif
#cappellinic	committee	ballo	#pasquinellis
#tambellinig	committee	ballo	#serafinio
#tambellinig	committee	ballo	#marsilia
#tambellinig	committee	ballo	#simonettim
#tambellinig	committee	ballo	#lunardinil
#tambellinig	committee	ballo	#viganol
#tambellinig	committee	ballo	#pistelliu
#tambellinig	committee	ballo	#maffeis
#tambellinig	committee	ballo	#fredianellig
#tambellinig	committee	ballo	#paganuccis
#tambellinig	committee	ballo	#zinim
#tambellinig	committee	ballo	#merciadrie
#tambellinig	committee	ballo	#diriccoe
#tambellinig	committee	ballo	#giomettic
#tambellinig	committee	ballo	#pasquinelliam
#tambellinig	committee	ballo	#giangranedif
#tambellinig	committee	ballo	#pasquinellis
#serafinio	committee	ballo	#marsilia
#serafinio	committee	ballo	#simonettim
#serafinio	committee	ballo	#lunardinil
#serafinio	committee	ballo	#viganol
#serafinio	committee	ballo	#pistelliu
#serafinio	committee	ballo	#maffeis
#serafinio	committee	ballo	#fredianellig
#serafinio	committee	ballo	#paganuccis
#serafinio	committee	ballo	#zinim
#serafinio	committee	ballo	#merciadrie
#serafinio	committee	ballo	#diriccoe
#serafinio	committee	ballo	#giomettic
#serafinio	committee	ballo	#pasquinelliam
#serafinio	committee	ballo	#giangranedif
#serafinio	committee	ballo	#pasquinellis
#marsilia	committee	ballo	#simonettim
#marsilia	committee	ballo	#lunardinil
#marsilia	committee	ballo	#viganol
#marsilia	committee	ballo	#pistelliu
#marsilia	committee	ballo	#maffeis
#marsilia	committee	ballo	#fredianellig
#marsilia	committee	ballo	#paganuccis
#marsilia	committee	ballo	#zinim
#marsilia	committee	ballo	#merciadrie
#marsilia	committee	ballo	#diriccoe
#marsilia	committee	ballo	#giomettic
#marsilia	committee	ballo	#pasquinelliam
#marsilia	committee	ballo	#giangranedif
#marsilia	committee	ballo	#pasquinellis
#simonettim	committee	ballo	#lunardinil
#simonettim	committee	ballo	#viganol
#simonettim	committee	ballo	#pistelliu
#simonettim	committee	ballo	#maffeis
#simonettim	committee	ballo	#fredianellig
#simonettim	committee	ballo	#paganuccis
#simonettim	committee	ballo	#zinim
#simonettim	committee	ballo	#merciadrie
#simonettim	committee	ballo	#diriccoe
#simonettim	committee	ballo	#giomettic
#simonettim	committee	ballo	#pasquinelliam
#simonettim	committee	ballo	#giangranedif
#simonettim	committee	ballo	#pasquinellis
#lunardinil	committee	ballo	#viganol
#lunardinil	committee	ballo	#pistelliu
#lunardinil	committee	ballo	#maffeis
#lunardinil	committee	ballo	#fredianellig
#lunardinil	committee	ballo	#paganuccis
#lunardinil	committee	ballo	#zinim
#lunardinil	committee	ballo	#merciadrie
#lunardinil	committee	ballo	#diriccoe
#lunardinil	committee	ballo	#giomettic
#lunardinil	committee	ballo	#pasquinelliam
#lunardinil	committee	ballo	#giangranedif
#lunardinil	committee	ballo	#pasquinellis
#viganol	committee	ballo	#pistelliu
#viganol	committee	ballo	#maffeis
#viganol	committee	ballo	#fredianellig
#viganol	committee	ballo	#paganuccis
#viganol	committee	ballo	#zinim
#viganol	committee	ballo	#merciadrie
#viganol	committee	ballo	#diriccoe
#viganol	committee	ballo	#giomettic
#viganol	committee	ballo	#pasquinelliam
#viganol	committee	ballo	#giangranedif
#viganol	committee	ballo	#pasquinellis
#pistelliu	committee	ballo	#maffeis
#pistelliu	committee	ballo	#fredianellig
#pistelliu	committee	ballo	#paganuccis
#pistelliu	committee	ballo	#zinim
#pistelliu	committee	ballo	#merciadrie
#pistelliu	committee	ballo	#diriccoe
#pistelliu	committee	ballo	#giomettic
#pistelliu	committee	ballo	#pasquinelliam
#pistelliu	committee	ballo	#giangranedif
#pistelliu	committee	ballo	#pasquinellis
#maffeis	committee	ballo	#fredianellig
#maffeis	committee	ballo	#paganuccis
#maffeis	committee	ballo	#zinim
#maffeis	committee	ballo	#merciadrie
#maffeis	committee	ballo	#diriccoe
#maffeis	committee	ballo	#giomettic
#maffeis	committee	ballo	#pasquinelliam
#maffeis	committee	ballo	#giangranedif
#maffeis	committee	ballo	#pasquinellis
#fredianellig	committee	ballo	#paganuccis
#fredianellig	committee	ballo	#zinim
#fredianellig	committee	ballo	#merciadrie
#fredianellig	committee	ballo	#diriccoe
#fredianellig	committee	ballo	#giomettic
#fredianellig	committee	ballo	#pasquinelliam
#fredianellig	committee	ballo	#giangranedif
#fredianellig	committee	ballo	#pasquinellis
#paganuccis	committee	ballo	#zinim
#paganuccis	committee	ballo	#merciadrie
#paganuccis	committee	ballo	#diriccoe
#paganuccis	committee	ballo	#giomettic
#paganuccis	committee	ballo	#pasquinelliam
#paganuccis	committee	ballo	#giangranedif
#paganuccis	committee	ballo	#pasquinellis
#zinim	committee	ballo	#merciadrie
#zinim	committee	ballo	#diriccoe
#zinim	committee	ballo	#giomettic
#zinim	committee	ballo	#pasquinelliam
#zinim	committee	ballo	#giangranedif
#zinim	committee	ballo	#pasquinellis
#merciadrie	committee	ballo	#diriccoe
#merciadrie	committee	ballo	#giomettic
#merciadrie	committee	ballo	#pasquinelliam
#merciadrie	committee	ballo	#giangranedif
#merciadrie	committee	ballo	#pasquinellis
#diriccoe	committee	ballo	#giomettic
#diriccoe	committee	ballo	#pasquinelliam
#diriccoe	committee	ballo	#giangranedif
#diriccoe	committee	ballo	#pasquinellis
#giomettic	committee	ballo	#pasquinelliam
#giomettic	committee	ballo	#giangranedif
#giomettic	committee	ballo	#pasquinellis
#pasquinelliam	committee	ballo	#giangranedif
#pasquinelliam	committee	ballo	#pasquinellis
#giangranedif	committee	ballo	#pasquinellis
#lunardinil	committee	picnic	#datia
#lunardinil	committee	picnic	#fredianim
#lunardinil	committee	picnic	#pellegrinic
#lunardinil	committee	picnic	#lucchesiam
#lunardinil	committee	picnic	#pasquinellis
#lunardinil	committee	picnic	#sodinij
#lunardinil	committee	picnic	#zinim
#lunardinil	committee	picnic	#silvionic
#lunardinil	committee	picnic	#robertice
#lunardinil	committee	picnic	#bevilacquas
#lunardinil	committee	picnic	#merciadrie
#lunardinil	committee	picnic	#fontanaan
#lunardinil	committee	picnic	#danesiv
#lunardinil	committee	picnic	#denricoc
#datia	committee	picnic	#fredianim
#datia	committee	picnic	#pellegrinic
#datia	committee	picnic	#lucchesiam
#datia	committee	picnic	#pasquinellis
#datia	committee	picnic	#sodinij
#datia	committee	picnic	#zinim
#datia	committee	picnic	#silvionic
#datia	committee	picnic	#robertice
#datia	committee	picnic	#bevilacquas
#datia	committee	picnic	#merciadrie
#datia	committee	picnic	#fontanaan
#datia	committee	picnic	#danesiv
#datia	committee	picnic	#denricoc
#fredianim	committee	picnic	#pellegrinic
#fredianim	committee	picnic	#lucchesiam
#fredianim	committee	picnic	#pasquinellis
#fredianim	committee	picnic	#sodinij
#fredianim	committee	picnic	#zinim
#fredianim	committee	picnic	#silvionic
#fredianim	committee	picnic	#robertice
#fredianim	committee	picnic	#bevilacquas
#fredianim	committee	picnic	#merciadrie
#fredianim	committee	picnic	#fontanaan
#fredianim	committee	picnic	#danesiv
#fredianim	committee	picnic	#denricoc
#pellegrinic	committee	picnic	#lucchesiam
#pellegrinic	committee	picnic	#pasquinellis
#pellegrinic	committee	picnic	#sodinij
#pellegrinic	committee	picnic	#zinim
#pellegrinic	committee	picnic	#silvionic
#pellegrinic	committee	picnic	#robertice
#pellegrinic	committee	picnic	#bevilacquas
#pellegrinic	committee	picnic	#merciadrie
#pellegrinic	committee	picnic	#fontanaan
#pellegrinic	committee	picnic	#danesiv
#pellegrinic	committee	picnic	#denricoc
#lucchesiam	committee	picnic	#pasquinellis
#lucchesiam	committee	picnic	#sodinij
#lucchesiam	committee	picnic	#zinim
#lucchesiam	committee	picnic	#silvionic
#lucchesiam	committee	picnic	#robertice
#lucchesiam	committee	picnic	#bevilacquas
#lucchesiam	committee	picnic	#merciadrie
#lucchesiam	committee	picnic	#fontanaan
#lucchesiam	committee	picnic	#danesiv
#lucchesiam	committee	picnic	#denricoc
#pasquinellis	committee	picnic	#sodinij
#pasquinellis	committee	picnic	#zinim
#pasquinellis	committee	picnic	#silvionic
#pasquinellis	committee	picnic	#robertice
#pasquinellis	committee	picnic	#bevilacquas
#pasquinellis	committee	picnic	#merciadrie
#pasquinellis	committee	picnic	#fontanaan
#pasquinellis	committee	picnic	#danesiv
#pasquinellis	committee	picnic	#denricoc
#sodinij	committee	picnic	#zinim
#sodinij	committee	picnic	#silvionic
#sodinij	committee	picnic	#robertice
#sodinij	committee	picnic	#bevilacquas
#sodinij	committee	picnic	#merciadrie
#sodinij	committee	picnic	#fontanaan
#sodinij	committee	picnic	#danesiv
#sodinij	committee	picnic	#denricoc
#zinim	committee	picnic	#silvionic
#zinim	committee	picnic	#robertice
#zinim	committee	picnic	#bevilacquas
#zinim	committee	picnic	#merciadrie
#zinim	committee	picnic	#fontanaan
#zinim	committee	picnic	#danesiv
#zinim	committee	picnic	#denricoc
#silvionic	committee	picnic	#robertice
#silvionic	committee	picnic	#bevilacquas
#silvionic	committee	picnic	#merciadrie
#silvionic	committee	picnic	#fontanaan
#silvionic	committee	picnic	#danesiv
#silvionic	committee	picnic	#denricoc
#robertice	committee	picnic	#bevilacquas
#robertice	committee	picnic	#merciadrie
#robertice	committee	picnic	#fontanaan
#robertice	committee	picnic	#danesiv
#robertice	committee	picnic	#denricoc
#bevilacquas	committee	picnic	#merciadrie
#bevilacquas	committee	picnic	#fontanaan
#bevilacquas	committee	picnic	#danesiv
#bevilacquas	committee	picnic	#denricoc
#merciadrie	committee	picnic	#fontanaan
#merciadrie	committee	picnic	#danesiv
#merciadrie	committee	picnic	#denricoc
#fontanaan	committee	picnic	#danesiv
#fontanaan	committee	picnic	#denricoc
#danesiv	committee	picnic	#denricoc
#pellegrinic	committee	stendardo	#desimos
#pellegrinic	committee	stendardo	#silvionic
#desimos	committee	stendardo	#silvionic
#sodinij	committee	ballo	#marchettie
#sodinij	committee	ballo	#zinim
#sodinij	committee	ballo	#pellegrinic
#sodinij	committee	ballo	#maffeis
#sodinij	committee	ballo	#simonettim
#sodinij	committee	ballo	#fredianellig
#marchettie	committee	ballo	#zinim
#marchettie	committee	ballo	#pellegrinic
#marchettie	committee	ballo	#maffeis
#marchettie	committee	ballo	#simonettim
#marchettie	committee	ballo	#fredianellig
#zinim	committee	ballo	#pellegrinic
#zinim	committee	ballo	#maffeis
#zinim	committee	ballo	#simonettim
#zinim	committee	ballo	#fredianellig
#pellegrinic	committee	ballo	#maffeis
#pellegrinic	committee	ballo	#simonettim
#pellegrinic	committee	ballo	#fredianellig
#maffeis	committee	ballo	#simonettim
#maffeis	committee	ballo	#fredianellig
#simonettim	committee	ballo	#fredianellig
#maffeis	committee	banchetto	#fredianellig
#maffeis	committee	banchetto	#pasquinelliam
#fredianellig	committee	banchetto	#pasquinelliam
#maffeis	committee	ballo	#lucchesiam
#maffeis	committee	ballo	#marchettie
#maffeis	committee	ballo	#pasquinellis
#maffeis	committee	ballo	#viganol
#maffeis	committee	ballo	#viganor
#maffeis	committee	ballo	#pellegrinic
#maffeis	committee	ballo	#maffeid
#maffeis	committee	ballo	#silvionic
#maffeis	committee	ballo	#sodinij
#maffeis	committee	ballo	#zinim
#maffeis	committee	ballo	#santarlascia
#maffeis	committee	ballo	#marsilis
#maffeis	committee	ballo	#quintigliog
#maffeis	committee	ballo	#giomettic
#maffeis	committee	ballo	#maffeigia
#maffeis	committee	ballo	#cristofania
#maffeis	committee	ballo	#battistiniv
#maffeis	committee	ballo	#merciadrie
#maffeis	committee	ballo	#carloe
#maffeis	committee	ballo	#zinif
#lucchesiam	committee	ballo	#marchettie
#lucchesiam	committee	ballo	#pasquinellis
#lucchesiam	committee	ballo	#viganol
#lucchesiam	committee	ballo	#viganor
#lucchesiam	committee	ballo	#pellegrinic
#lucchesiam	committee	ballo	#maffeid
#lucchesiam	committee	ballo	#silvionic
#lucchesiam	committee	ballo	#sodinij
#lucchesiam	committee	ballo	#zinim
#lucchesiam	committee	ballo	#santarlascia
#lucchesiam	committee	ballo	#marsilis
#lucchesiam	committee	ballo	#quintigliog
#lucchesiam	committee	ballo	#giomettic
#lucchesiam	committee	ballo	#maffeigia
#lucchesiam	committee	ballo	#cristofania
#lucchesiam	committee	ballo	#battistiniv
#lucchesiam	committee	ballo	#merciadrie
#lucchesiam	committee	ballo	#carloe
#lucchesiam	committee	ballo	#zinif
#marchettie	committee	ballo	#pasquinellis
#marchettie	committee	ballo	#viganol
#marchettie	committee	ballo	#viganor
#marchettie	committee	ballo	#pellegrinic
#marchettie	committee	ballo	#maffeid
#marchettie	committee	ballo	#silvionic
#marchettie	committee	ballo	#sodinij
#marchettie	committee	ballo	#zinim
#marchettie	committee	ballo	#santarlascia
#marchettie	committee	ballo	#marsilis
#marchettie	committee	ballo	#quintigliog
#marchettie	committee	ballo	#giomettic
#marchettie	committee	ballo	#maffeigia
#marchettie	committee	ballo	#cristofania
#marchettie	committee	ballo	#battistiniv
#marchettie	committee	ballo	#merciadrie
#marchettie	committee	ballo	#carloe
#marchettie	committee	ballo	#zinif
#pasquinellis	committee	ballo	#viganol
#pasquinellis	committee	ballo	#viganor
#pasquinellis	committee	ballo	#pellegrinic
#pasquinellis	committee	ballo	#maffeid
#pasquinellis	committee	ballo	#silvionic
#pasquinellis	committee	ballo	#sodinij
#pasquinellis	committee	ballo	#zinim
#pasquinellis	committee	ballo	#santarlascia
#pasquinellis	committee	ballo	#marsilis
#pasquinellis	committee	ballo	#quintigliog
#pasquinellis	committee	ballo	#giomettic
#pasquinellis	committee	ballo	#maffeigia
#pasquinellis	committee	ballo	#cristofania
#pasquinellis	committee	ballo	#battistiniv
#pasquinellis	committee	ballo	#merciadrie
#pasquinellis	committee	ballo	#carloe
#pasquinellis	committee	ballo	#zinif
#viganol	committee	ballo	#viganor
#viganol	committee	ballo	#pellegrinic
#viganol	committee	ballo	#maffeid
#viganol	committee	ballo	#silvionic
#viganol	committee	ballo	#sodinij
#viganol	committee	ballo	#zinim
#viganol	committee	ballo	#santarlascia
#viganol	committee	ballo	#marsilis
#viganol	committee	ballo	#quintigliog
#viganol	committee	ballo	#giomettic
#viganol	committee	ballo	#maffeigia
#viganol	committee	ballo	#cristofania
#viganol	committee	ballo	#battistiniv
#viganol	committee	ballo	#merciadrie
#viganol	committee	ballo	#carloe
#viganol	committee	ballo	#zinif
#viganor	committee	ballo	#pellegrinic
#viganor	committee	ballo	#maffeid
#viganor	committee	ballo	#silvionic
#viganor	committee	ballo	#sodinij
#viganor	committee	ballo	#zinim
#viganor	committee	ballo	#santarlascia
#viganor	committee	ballo	#marsilis
#viganor	committee	ballo	#quintigliog
#viganor	committee	ballo	#giomettic
#viganor	committee	ballo	#maffeigia
#viganor	committee	ballo	#cristofania
#viganor	committee	ballo	#battistiniv
#viganor	committee	ballo	#merciadrie
#viganor	committee	ballo	#carloe
#viganor	committee	ballo	#zinif
#pellegrinic	committee	ballo	#maffeid
#pellegrinic	committee	ballo	#silvionic
#pellegrinic	committee	ballo	#sodinij
#pellegrinic	committee	ballo	#zinim
#pellegrinic	committee	ballo	#santarlascia
#pellegrinic	committee	ballo	#marsilis
#pellegrinic	committee	ballo	#quintigliog
#pellegrinic	committee	ballo	#giomettic
#pellegrinic	committee	ballo	#maffeigia
#pellegrinic	committee	ballo	#cristofania
#pellegrinic	committee	ballo	#battistiniv
#pellegrinic	committee	ballo	#merciadrie
#pellegrinic	committee	ballo	#carloe
#pellegrinic	committee	ballo	#zinif
#maffeid	committee	ballo	#silvionic
#maffeid	committee	ballo	#sodinij
#maffeid	committee	ballo	#zinim
#maffeid	committee	ballo	#santarlascia
#maffeid	committee	ballo	#marsilis
#maffeid	committee	ballo	#quintigliog
#maffeid	committee	ballo	#giomettic
#maffeid	committee	ballo	#maffeigia
#maffeid	committee	ballo	#cristofania
#maffeid	committee	ballo	#battistiniv
#maffeid	committee	ballo	#merciadrie
#maffeid	committee	ballo	#carloe
#maffeid	committee	ballo	#zinif
#silvionic	committee	ballo	#sodinij
#silvionic	committee	ballo	#zinim
#silvionic	committee	ballo	#santarlascia
#silvionic	committee	ballo	#marsilis
#silvionic	committee	ballo	#quintigliog
#silvionic	committee	ballo	#giomettic
#silvionic	committee	ballo	#maffeigia
#silvionic	committee	ballo	#cristofania
#silvionic	committee	ballo	#battistiniv
#silvionic	committee	ballo	#merciadrie
#silvionic	committee	ballo	#carloe
#silvionic	committee	ballo	#zinif
#sodinij	committee	ballo	#zinim
#sodinij	committee	ballo	#santarlascia
#sodinij	committee	ballo	#marsilis
#sodinij	committee	ballo	#quintigliog
#sodinij	committee	ballo	#giomettic
#sodinij	committee	ballo	#maffeigia
#sodinij	committee	ballo	#cristofania
#sodinij	committee	ballo	#battistiniv
#sodinij	committee	ballo	#merciadrie
#sodinij	committee	ballo	#carloe
#sodinij	committee	ballo	#zinif
#zinim	committee	ballo	#santarlascia
#zinim	committee	ballo	#marsilis
#zinim	committee	ballo	#quintigliog
#zinim	committee	ballo	#giomettic
#zinim	committee	ballo	#maffeigia
#zinim	committee	ballo	#cristofania
#zinim	committee	ballo	#battistiniv
#zinim	committee	ballo	#merciadrie
#zinim	committee	ballo	#carloe
#zinim	committee	ballo	#zinif
#santarlascia	committee	ballo	#marsilis
#santarlascia	committee	ballo	#quintigliog
#santarlascia	committee	ballo	#giomettic
#santarlascia	committee	ballo	#maffeigia
#santarlascia	committee	ballo	#cristofania
#santarlascia	committee	ballo	#battistiniv
#santarlascia	committee	ballo	#merciadrie
#santarlascia	committee	ballo	#carloe
#santarlascia	committee	ballo	#zinif
#marsilis	committee	ballo	#quintigliog
#marsilis	committee	ballo	#giomettic
#marsilis	committee	ballo	#maffeigia
#marsilis	committee	ballo	#cristofania
#marsilis	committee	ballo	#battistiniv
#marsilis	committee	ballo	#merciadrie
#marsilis	committee	ballo	#carloe
#marsilis	committee	ballo	#zinif
#quintigliog	committee	ballo	#giomettic
#quintigliog	committee	ballo	#maffeigia
#quintigliog	committee	ballo	#cristofania
#quintigliog	committee	ballo	#battistiniv
#quintigliog	committee	ballo	#merciadrie
#quintigliog	committee	ballo	#carloe
#quintigliog	committee	ballo	#zinif
#giomettic	committee	ballo	#maffeigia
#giomettic	committee	ballo	#cristofania
#giomettic	committee	ballo	#battistiniv
#giomettic	committee	ballo	#merciadrie
#giomettic	committee	ballo	#carloe
#giomettic	committee	ballo	#zinif
#maffeigia	committee	ballo	#cristofania
#maffeigia	committee	ballo	#battistiniv
#maffeigia	committee	ballo	#merciadrie
#maffeigia	committee	ballo	#carloe
#maffeigia	committee	ballo	#zinif
#cristofania	committee	ballo	#battistiniv
#cristofania	committee	ballo	#merciadrie
#cristofania	committee	ballo	#carloe
#cristofania	committee	ballo	#zinif
#battistiniv	committee	ballo	#merciadrie
#battistiniv	committee	ballo	#carloe
#battistiniv	committee	ballo	#zinif
#merciadrie	committee	ballo	#carloe
#merciadrie	committee	ballo	#zinif
#carloe	committee	ballo	#zinif
#pasquinelliam	committee	intrattenimento	#maffeigia
#pasquinelliam	committee	intrattenimento	#malfattip
#pasquinelliam	committee	intrattenimento	#merciadrie
#pasquinelliam	committee	intrattenimento	#marsilis
#pasquinelliam	committee	intrattenimento	#pellegrinic
#maffeigia	committee	intrattenimento	#malfattip
#maffeigia	committee	intrattenimento	#merciadrie
#maffeigia	committee	intrattenimento	#marsilis
#maffeigia	committee	intrattenimento	#pellegrinic
#malfattip	committee	intrattenimento	#merciadrie
#malfattip	committee	intrattenimento	#marsilis
#malfattip	committee	intrattenimento	#pellegrinic
#merciadrie	committee	intrattenimento	#marsilis
#merciadrie	committee	intrattenimento	#pellegrinic
#marsilis	committee	intrattenimento	#pellegrinic
#pacinic	committee	picnic	#papid
#pacinic	committee	picnic	#cristofania
#pacinic	committee	picnic	#lucchesiam
#pacinic	committee	picnic	#viganol
#pacinic	committee	picnic	#puccettia
#pacinic	committee	picnic	#puccettil
#pacinic	committee	picnic	#robertig
#pacinic	committee	picnic	#meconin
#pacinic	committee	picnic	#merciadrie
#pacinic	committee	picnic	#lunardinil
#papid	committee	picnic	#cristofania
#papid	committee	picnic	#lucchesiam
#papid	committee	picnic	#viganol
#papid	committee	picnic	#puccettia
#papid	committee	picnic	#puccettil
#papid	committee	picnic	#robertig
#papid	committee	picnic	#meconin
#papid	committee	picnic	#merciadrie
#papid	committee	picnic	#lunardinil
#cristofania	committee	picnic	#lucchesiam
#cristofania	committee	picnic	#viganol
#cristofania	committee	picnic	#puccettia
#cristofania	committee	picnic	#puccettil
#cristofania	committee	picnic	#robertig
#cristofania	committee	picnic	#meconin
#cristofania	committee	picnic	#merciadrie
#cristofania	committee	picnic	#lunardinil
#lucchesiam	committee	picnic	#viganol
#lucchesiam	committee	picnic	#puccettia
#lucchesiam	committee	picnic	#puccettil
#lucchesiam	committee	picnic	#robertig
#lucchesiam	committee	picnic	#meconin
#lucchesiam	committee	picnic	#merciadrie
#lucchesiam	committee	picnic	#lunardinil
#viganol	committee	picnic	#puccettia
#viganol	committee	picnic	#puccettil
#viganol	committee	picnic	#robertig
#viganol	committee	picnic	#meconin
#viganol	committee	picnic	#merciadrie
#viganol	committee	picnic	#lunardinil
#puccettia	committee	picnic	#puccettil
#puccettia	committee	picnic	#robertig
#puccettia	committee	picnic	#meconin
#puccettia	committee	picnic	#merciadrie
#puccettia	committee	picnic	#lunardinil
#puccettil	committee	picnic	#robertig
#puccettil	committee	picnic	#meconin
#puccettil	committee	picnic	#merciadrie
#puccettil	committee	picnic	#lunardinil
#robertig	committee	picnic	#meconin
#robertig	committee	picnic	#merciadrie
#robertig	committee	picnic	#lunardinil
#meconin	committee	picnic	#merciadrie
#meconin	committee	picnic	#lunardinil
#merciadrie	committee	picnic	#lunardinil
#santarlascia	committee	picnic	#simonettim
#santarlascia	committee	picnic	#zinim
#santarlascia	committee	picnic	#ragghiantir
#santarlascia	committee	picnic	#malfattip
#santarlascia	committee	picnic	#giannig
#santarlascia	committee	picnic	#martinellia
#santarlascia	committee	picnic	#maffeis
#santarlascia	committee	picnic	#cappellinic
#santarlascia	committee	picnic	#fredianim
#santarlascia	committee	picnic	#marianir
#simonettim	committee	picnic	#zinim
#simonettim	committee	picnic	#ragghiantir
#simonettim	committee	picnic	#malfattip
#simonettim	committee	picnic	#giannig
#simonettim	committee	picnic	#martinellia
#simonettim	committee	picnic	#maffeis
#simonettim	committee	picnic	#cappellinic
#simonettim	committee	picnic	#fredianim
#simonettim	committee	picnic	#marianir
#zinim	committee	picnic	#ragghiantir
#zinim	committee	picnic	#malfattip
#zinim	committee	picnic	#giannig
#zinim	committee	picnic	#martinellia
#zinim	committee	picnic	#maffeis
#zinim	committee	picnic	#cappellinic
#zinim	committee	picnic	#fredianim
#zinim	committee	picnic	#marianir
#ragghiantir	committee	picnic	#malfattip
#ragghiantir	committee	picnic	#giannig
#ragghiantir	committee	picnic	#martinellia
#ragghiantir	committee	picnic	#maffeis
#ragghiantir	committee	picnic	#cappellinic
#ragghiantir	committee	picnic	#fredianim
#ragghiantir	committee	picnic	#marianir
#malfattip	committee	picnic	#giannig
#malfattip	committee	picnic	#martinellia
#malfattip	committee	picnic	#maffeis
#malfattip	committee	picnic	#cappellinic
#malfattip	committee	picnic	#fredianim
#malfattip	committee	picnic	#marianir
#giannig	committee	picnic	#martinellia
#giannig	committee	picnic	#maffeis
#giannig	committee	picnic	#cappellinic
#giannig	committee	picnic	#fredianim
#giannig	committee	picnic	#marianir
#martinellia	committee	picnic	#maffeis
#martinellia	committee	picnic	#cappellinic
#martinellia	committee	picnic	#fredianim
#martinellia	committee	picnic	#marianir
#maffeis	committee	picnic	#cappellinic
#maffeis	committee	picnic	#fredianim
#maffeis	committee	picnic	#marianir
#cappellinic	committee	picnic	#fredianim
#cappellinic	committee	picnic	#marianir
#fredianim	committee	picnic	#marianir
#marconic	committee	picnic	#cappellinic
#marconic	committee	picnic	#pasquinellis
#marconic	committee	picnic	#giannig
#marconic	committee	picnic	#simonettim
#marconic	committee	picnic	#maffeis
#marconic	committee	picnic	#viganor
#marconic	committee	picnic	#fredianellig
#marconic	committee	picnic	#marsilis
#marconic	committee	picnic	#lucchesiam
#marconic	committee	picnic	#pacinic
#marconic	committee	picnic	#vannuccie
#marconic	committee	picnic	#papid
#marconic	committee	picnic	#puccettia
#marconic	committee	picnic	#merciadrie
#marconic	committee	picnic	#pasquinelliam
#marconic	committee	picnic	#datia
#marconic	committee	picnic	#martinellia
#marconic	committee	picnic	#olivieriam
#marconic	committee	picnic	#cinellio
#cappellinic	committee	picnic	#pasquinellis
#cappellinic	committee	picnic	#giannig
#cappellinic	committee	picnic	#simonettim
#cappellinic	committee	picnic	#maffeis
#cappellinic	committee	picnic	#viganor
#cappellinic	committee	picnic	#fredianellig
#cappellinic	committee	picnic	#marsilis
#cappellinic	committee	picnic	#lucchesiam
#cappellinic	committee	picnic	#pacinic
#cappellinic	committee	picnic	#vannuccie
#cappellinic	committee	picnic	#papid
#cappellinic	committee	picnic	#puccettia
#cappellinic	committee	picnic	#merciadrie
#cappellinic	committee	picnic	#pasquinelliam
#cappellinic	committee	picnic	#datia
#cappellinic	committee	picnic	#martinellia
#cappellinic	committee	picnic	#olivieriam
#cappellinic	committee	picnic	#cinellio
#pasquinellis	committee	picnic	#giannig
#pasquinellis	committee	picnic	#simonettim
#pasquinellis	committee	picnic	#maffeis
#pasquinellis	committee	picnic	#viganor
#pasquinellis	committee	picnic	#fredianellig
#pasquinellis	committee	picnic	#marsilis
#pasquinellis	committee	picnic	#lucchesiam
#pasquinellis	committee	picnic	#pacinic
#pasquinellis	committee	picnic	#vannuccie
#pasquinellis	committee	picnic	#papid
#pasquinellis	committee	picnic	#puccettia
#pasquinellis	committee	picnic	#merciadrie
#pasquinellis	committee	picnic	#pasquinelliam
#pasquinellis	committee	picnic	#datia
#pasquinellis	committee	picnic	#martinellia
#pasquinellis	committee	picnic	#olivieriam
#pasquinellis	committee	picnic	#cinellio
#giannig	committee	picnic	#simonettim
#giannig	committee	picnic	#maffeis
#giannig	committee	picnic	#viganor
#giannig	committee	picnic	#fredianellig
#giannig	committee	picnic	#marsilis
#giannig	committee	picnic	#lucchesiam
#giannig	committee	picnic	#pacinic
#giannig	committee	picnic	#vannuccie
#giannig	committee	picnic	#papid
#giannig	committee	picnic	#puccettia
#giannig	committee	picnic	#merciadrie
#giannig	committee	picnic	#pasquinelliam
#giannig	committee	picnic	#datia
#giannig	committee	picnic	#martinellia
#giannig	committee	picnic	#olivieriam
#giannig	committee	picnic	#cinellio
#simonettim	committee	picnic	#maffeis
#simonettim	committee	picnic	#viganor
#simonettim	committee	picnic	#fredianellig
#simonettim	committee	picnic	#marsilis
#simonettim	committee	picnic	#lucchesiam
#simonettim	committee	picnic	#pacinic
#simonettim	committee	picnic	#vannuccie
#simonettim	committee	picnic	#papid
#simonettim	committee	picnic	#puccettia
#simonettim	committee	picnic	#merciadrie
#simonettim	committee	picnic	#pasquinelliam
#simonettim	committee	picnic	#datia
#simonettim	committee	picnic	#martinellia
#simonettim	committee	picnic	#olivieriam
#simonettim	committee	picnic	#cinellio
#maffeis	committee	picnic	#viganor
#maffeis	committee	picnic	#fredianellig
#maffeis	committee	picnic	#marsilis
#maffeis	committee	picnic	#lucchesiam
#maffeis	committee	picnic	#pacinic
#maffeis	committee	picnic	#vannuccie
#maffeis	committee	picnic	#papid
#maffeis	committee	picnic	#puccettia
#maffeis	committee	picnic	#merciadrie
#maffeis	committee	picnic	#pasquinelliam
#maffeis	committee	picnic	#datia
#maffeis	committee	picnic	#martinellia
#maffeis	committee	picnic	#olivieriam
#maffeis	committee	picnic	#cinellio
#viganor	committee	picnic	#fredianellig
#viganor	committee	picnic	#marsilis
#viganor	committee	picnic	#lucchesiam
#viganor	committee	picnic	#pacinic
#viganor	committee	picnic	#vannuccie
#viganor	committee	picnic	#papid
#viganor	committee	picnic	#puccettia
#viganor	committee	picnic	#merciadrie
#viganor	committee	picnic	#pasquinelliam
#viganor	committee	picnic	#datia
#viganor	committee	picnic	#martinellia
#viganor	committee	picnic	#olivieriam
#viganor	committee	picnic	#cinellio
#fredianellig	committee	picnic	#marsilis
#fredianellig	committee	picnic	#lucchesiam
#fredianellig	committee	picnic	#pacinic
#fredianellig	committee	picnic	#vannuccie
#fredianellig	committee	picnic	#papid
#fredianellig	committee	picnic	#puccettia
#fredianellig	committee	picnic	#merciadrie
#fredianellig	committee	picnic	#pasquinelliam
#fredianellig	committee	picnic	#datia
#fredianellig	committee	picnic	#martinellia
#fredianellig	committee	picnic	#olivieriam
#fredianellig	committee	picnic	#cinellio
#marsilis	committee	picnic	#lucchesiam
#marsilis	committee	picnic	#pacinic
#marsilis	committee	picnic	#vannuccie
#marsilis	committee	picnic	#papid
#marsilis	committee	picnic	#puccettia
#marsilis	committee	picnic	#merciadrie
#marsilis	committee	picnic	#pasquinelliam
#marsilis	committee	picnic	#datia
#marsilis	committee	picnic	#martinellia
#marsilis	committee	picnic	#olivieriam
#marsilis	committee	picnic	#cinellio
#lucchesiam	committee	picnic	#pacinic
#lucchesiam	committee	picnic	#vannuccie
#lucchesiam	committee	picnic	#papid
#lucchesiam	committee	picnic	#puccettia
#lucchesiam	committee	picnic	#merciadrie
#lucchesiam	committee	picnic	#pasquinelliam
#lucchesiam	committee	picnic	#datia
#lucchesiam	committee	picnic	#martinellia
#lucchesiam	committee	picnic	#olivieriam
#lucchesiam	committee	picnic	#cinellio
#pacinic	committee	picnic	#vannuccie
#pacinic	committee	picnic	#papid
#pacinic	committee	picnic	#puccettia
#pacinic	committee	picnic	#merciadrie
#pacinic	committee	picnic	#pasquinelliam
#pacinic	committee	picnic	#datia
#pacinic	committee	picnic	#martinellia
#pacinic	committee	picnic	#olivieriam
#pacinic	committee	picnic	#cinellio
#vannuccie	committee	picnic	#papid
#vannuccie	committee	picnic	#puccettia
#vannuccie	committee	picnic	#merciadrie
#vannuccie	committee	picnic	#pasquinelliam
#vannuccie	committee	picnic	#datia
#vannuccie	committee	picnic	#martinellia
#vannuccie	committee	picnic	#olivieriam
#vannuccie	committee	picnic	#cinellio
#papid	committee	picnic	#puccettia
#papid	committee	picnic	#merciadrie
#papid	committee	picnic	#pasquinelliam
#papid	committee	picnic	#datia
#papid	committee	picnic	#martinellia
#papid	committee	picnic	#olivieriam
#papid	committee	picnic	#cinellio
#puccettia	committee	picnic	#merciadrie
#puccettia	committee	picnic	#pasquinelliam
#puccettia	committee	picnic	#datia
#puccettia	committee	picnic	#martinellia
#puccettia	committee	picnic	#olivieriam
#puccettia	committee	picnic	#cinellio
#merciadrie	committee	picnic	#pasquinelliam
#merciadrie	committee	picnic	#datia
#merciadrie	committee	picnic	#martinellia
#merciadrie	committee	picnic	#olivieriam
#merciadrie	committee	picnic	#cinellio
#pasquinelliam	committee	picnic	#datia
#pasquinelliam	committee	picnic	#martinellia
#pasquinelliam	committee	picnic	#olivieriam
#pasquinelliam	committee	picnic	#cinellio
#datia	committee	picnic	#martinellia
#datia	committee	picnic	#olivieriam
#datia	committee	picnic	#cinellio
#martinellia	committee	picnic	#olivieriam
#martinellia	committee	picnic	#cinellio
#olivieriam	committee	picnic	#cinellio
#tambellinig	committee	ballo	#pacinic
#tambellinig	committee	ballo	#marchettie
#tambellinig	committee	ballo	#pasquinellis
#tambellinig	committee	ballo	#simonettim
#tambellinig	committee	ballo	#sodinij
#tambellinig	committee	ballo	#fredianellig
#tambellinig	committee	ballo	#zinim
#tambellinig	committee	ballo	#merciadrie
#tambellinig	committee	ballo	#battistiniv
#tambellinig	committee	ballo	#carloe
#tambellinig	committee	ballo	#giannig
#tambellinig	committee	ballo	#zinif
#tambellinig	committee	ballo	#micheluccis
#tambellinig	committee	ballo	#vannuccie
#tambellinig	committee	ballo	#cortopassig
#tambellinig	committee	ballo	#marconic
#pacinic	committee	ballo	#marchettie
#pacinic	committee	ballo	#pasquinellis
#pacinic	committee	ballo	#simonettim
#pacinic	committee	ballo	#sodinij
#pacinic	committee	ballo	#fredianellig
#pacinic	committee	ballo	#zinim
#pacinic	committee	ballo	#merciadrie
#pacinic	committee	ballo	#battistiniv
#pacinic	committee	ballo	#carloe
#pacinic	committee	ballo	#giannig
#pacinic	committee	ballo	#zinif
#pacinic	committee	ballo	#micheluccis
#pacinic	committee	ballo	#vannuccie
#pacinic	committee	ballo	#cortopassig
#pacinic	committee	ballo	#marconic
#marchettie	committee	ballo	#pasquinellis
#marchettie	committee	ballo	#simonettim
#marchettie	committee	ballo	#sodinij
#marchettie	committee	ballo	#fredianellig
#marchettie	committee	ballo	#zinim
#marchettie	committee	ballo	#merciadrie
#marchettie	committee	ballo	#battistiniv
#marchettie	committee	ballo	#carloe
#marchettie	committee	ballo	#giannig
#marchettie	committee	ballo	#zinif
#marchettie	committee	ballo	#micheluccis
#marchettie	committee	ballo	#vannuccie
#marchettie	committee	ballo	#cortopassig
#marchettie	committee	ballo	#marconic
#pasquinellis	committee	ballo	#simonettim
#pasquinellis	committee	ballo	#sodinij
#pasquinellis	committee	ballo	#fredianellig
#pasquinellis	committee	ballo	#zinim
#pasquinellis	committee	ballo	#merciadrie
#pasquinellis	committee	ballo	#battistiniv
#pasquinellis	committee	ballo	#carloe
#pasquinellis	committee	ballo	#giannig
#pasquinellis	committee	ballo	#zinif
#pasquinellis	committee	ballo	#micheluccis
#pasquinellis	committee	ballo	#vannuccie
#pasquinellis	committee	ballo	#cortopassig
#pasquinellis	committee	ballo	#marconic
#simonettim	committee	ballo	#sodinij
#simonettim	committee	ballo	#fredianellig
#simonettim	committee	ballo	#zinim
#simonettim	committee	ballo	#merciadrie
#simonettim	committee	ballo	#battistiniv
#simonettim	committee	ballo	#carloe
#simonettim	committee	ballo	#giannig
#simonettim	committee	ballo	#zinif
#simonettim	committee	ballo	#micheluccis
#simonettim	committee	ballo	#vannuccie
#simonettim	committee	ballo	#cortopassig
#simonettim	committee	ballo	#marconic
#sodinij	committee	ballo	#fredianellig
#sodinij	committee	ballo	#zinim
#sodinij	committee	ballo	#merciadrie
#sodinij	committee	ballo	#battistiniv
#sodinij	committee	ballo	#carloe
#sodinij	committee	ballo	#giannig
#sodinij	committee	ballo	#zinif
#sodinij	committee	ballo	#micheluccis
#sodinij	committee	ballo	#vannuccie
#sodinij	committee	ballo	#cortopassig
#sodinij	committee	ballo	#marconic
#fredianellig	committee	ballo	#zinim
#fredianellig	committee	ballo	#merciadrie
#fredianellig	committee	ballo	#battistiniv
#fredianellig	committee	ballo	#carloe
#fredianellig	committee	ballo	#giannig
#fredianellig	committee	ballo	#zinif
#fredianellig	committee	ballo	#micheluccis
#fredianellig	committee	ballo	#vannuccie
#fredianellig	committee	ballo	#cortopassig
#fredianellig	committee	ballo	#marconic
#zinim	committee	ballo	#merciadrie
#zinim	committee	ballo	#battistiniv
#zinim	committee	ballo	#carloe
#zinim	committee	ballo	#giannig
#zinim	committee	ballo	#zinif
#zinim	committee	ballo	#micheluccis
#zinim	committee	ballo	#vannuccie
#zinim	committee	ballo	#cortopassig
#zinim	committee	ballo	#marconic
#merciadrie	committee	ballo	#battistiniv
#merciadrie	committee	ballo	#carloe
#merciadrie	committee	ballo	#giannig
#merciadrie	committee	ballo	#zinif
#merciadrie	committee	ballo	#micheluccis
#merciadrie	committee	ballo	#vannuccie
#merciadrie	committee	ballo	#cortopassig
#merciadrie	committee	ballo	#marconic
#battistiniv	committee	ballo	#carloe
#battistiniv	committee	ballo	#giannig
#battistiniv	committee	ballo	#zinif
#battistiniv	committee	ballo	#micheluccis
#battistiniv	committee	ballo	#vannuccie
#battistiniv	committee	ballo	#cortopassig
#battistiniv	committee	ballo	#marconic
#carloe	committee	ballo	#giannig
#carloe	committee	ballo	#zinif
#carloe	committee	ballo	#micheluccis
#carloe	committee	ballo	#vannuccie
#carloe	committee	ballo	#cortopassig
#carloe	committee	ballo	#marconic
#giannig	committee	ballo	#zinif
#giannig	committee	ballo	#micheluccis
#giannig	committee	ballo	#vannuccie
#giannig	committee	ballo	#cortopassig
#giannig	committee	ballo	#marconic
#zinif	committee	ballo	#micheluccis
#zinif	committee	ballo	#vannuccie
#zinif	committee	ballo	#cortopassig
#zinif	committee	ballo	#marconic
#micheluccis	committee	ballo	#vannuccie
#micheluccis	committee	ballo	#cortopassig
#micheluccis	committee	ballo	#marconic
#vannuccie	committee	ballo	#cortopassig
#vannuccie	committee	ballo	#marconic
#cortopassig	committee	ballo	#marconic
#datia	committee	ballo	#pellegrinic
#datia	committee	ballo	#lunardinim
#datia	committee	ballo	#viganol
#datia	committee	ballo	#maffeigia
#datia	committee	ballo	#maffeid
#datia	committee	ballo	#silvionic
#datia	committee	ballo	#lunardinifr
#datia	committee	ballo	#pasquinelliam
#datia	committee	ballo	#sandronee
#datia	committee	ballo	#maffeigia
#pellegrinic	committee	ballo	#lunardinim
#pellegrinic	committee	ballo	#viganol
#pellegrinic	committee	ballo	#maffeigia
#pellegrinic	committee	ballo	#maffeid
#pellegrinic	committee	ballo	#silvionic
#pellegrinic	committee	ballo	#lunardinifr
#pellegrinic	committee	ballo	#pasquinelliam
#pellegrinic	committee	ballo	#sandronee
#pellegrinic	committee	ballo	#maffeigia
#lunardinim	committee	ballo	#viganol
#lunardinim	committee	ballo	#maffeigia
#lunardinim	committee	ballo	#maffeid
#lunardinim	committee	ballo	#silvionic
#lunardinim	committee	ballo	#lunardinifr
#lunardinim	committee	ballo	#pasquinelliam
#lunardinim	committee	ballo	#sandronee
#lunardinim	committee	ballo	#maffeigia
#viganol	committee	ballo	#maffeigia
#viganol	committee	ballo	#maffeid
#viganol	committee	ballo	#silvionic
#viganol	committee	ballo	#lunardinifr
#viganol	committee	ballo	#pasquinelliam
#viganol	committee	ballo	#sandronee
#viganol	committee	ballo	#maffeigia
#maffeigia	committee	ballo	#maffeid
#maffeigia	committee	ballo	#silvionic
#maffeigia	committee	ballo	#lunardinifr
#maffeigia	committee	ballo	#pasquinelliam
#maffeigia	committee	ballo	#sandronee
#maffeigia	committee	ballo	#maffeigia
#maffeid	committee	ballo	#silvionic
#maffeid	committee	ballo	#lunardinifr
#maffeid	committee	ballo	#pasquinelliam
#maffeid	committee	ballo	#sandronee
#maffeid	committee	ballo	#maffeigia
#silvionic	committee	ballo	#lunardinifr
#silvionic	committee	ballo	#pasquinelliam
#silvionic	committee	ballo	#sandronee
#silvionic	committee	ballo	#maffeigia
#lunardinifr	committee	ballo	#pasquinelliam
#lunardinifr	committee	ballo	#sandronee
#lunardinifr	committee	ballo	#maffeigia
#pasquinelliam	committee	ballo	#sandronee
#pasquinelliam	committee	ballo	#maffeigia
#sandronee	committee	ballo	#maffeigia
#lucchesiam	committee	picnic	#datia
#lucchesiam	committee	picnic	#zinim
#lucchesiam	committee	picnic	#fredianim
#lucchesiam	committee	picnic	#pellegrinie
#lucchesiam	committee	picnic	#maffeigio
#lucchesiam	committee	picnic	#viganol
#datia	committee	picnic	#zinim
#datia	committee	picnic	#fredianim
#datia	committee	picnic	#pellegrinie
#datia	committee	picnic	#maffeigio
#datia	committee	picnic	#viganol
#zinim	committee	picnic	#fredianim
#zinim	committee	picnic	#pellegrinie
#zinim	committee	picnic	#maffeigio
#zinim	committee	picnic	#viganol
#fredianim	committee	picnic	#pellegrinie
#fredianim	committee	picnic	#maffeigio
#fredianim	committee	picnic	#viganol
#pellegrinie	committee	picnic	#maffeigio
#pellegrinie	committee	picnic	#viganol
#maffeigio	committee	picnic	#viganol
#quintigliog	committee	picnic	#viganoe
#quintigliog	committee	picnic	#pasquinellie
#quintigliog	committee	picnic	#danesiv
#quintigliog	committee	picnic	#vannuccia
#quintigliog	committee	picnic	#maffeis
#quintigliog	committee	picnic	#pasquinellis
#quintigliog	committee	picnic	#lunardinil
#quintigliog	committee	picnic	#merciadrie
#quintigliog	committee	picnic	#battistiniv
#quintigliog	committee	picnic	#giannig
#quintigliog	committee	picnic	#cappellinic
#quintigliog	committee	picnic	#pacinic
#viganoe	committee	picnic	#pasquinellie
#viganoe	committee	picnic	#danesiv
#viganoe	committee	picnic	#vannuccia
#viganoe	committee	picnic	#maffeis
#viganoe	committee	picnic	#pasquinellis
#viganoe	committee	picnic	#lunardinil
#viganoe	committee	picnic	#merciadrie
#viganoe	committee	picnic	#battistiniv
#viganoe	committee	picnic	#giannig
#viganoe	committee	picnic	#cappellinic
#viganoe	committee	picnic	#pacinic
#pasquinellie	committee	picnic	#danesiv
#pasquinellie	committee	picnic	#vannuccia
#pasquinellie	committee	picnic	#maffeis
#pasquinellie	committee	picnic	#pasquinellis
#pasquinellie	committee	picnic	#lunardinil
#pasquinellie	committee	picnic	#merciadrie
#pasquinellie	committee	picnic	#battistiniv
#pasquinellie	committee	picnic	#giannig
#pasquinellie	committee	picnic	#cappellinic
#pasquinellie	committee	picnic	#pacinic
#danesiv	committee	picnic	#vannuccia
#danesiv	committee	picnic	#maffeis
#danesiv	committee	picnic	#pasquinellis
#danesiv	committee	picnic	#lunardinil
#danesiv	committee	picnic	#merciadrie
#danesiv	committee	picnic	#battistiniv
#danesiv	committee	picnic	#giannig
#danesiv	committee	picnic	#cappellinic
#danesiv	committee	picnic	#pacinic
#vannuccia	committee	picnic	#maffeis
#vannuccia	committee	picnic	#pasquinellis
#vannuccia	committee	picnic	#lunardinil
#vannuccia	committee	picnic	#merciadrie
#vannuccia	committee	picnic	#battistiniv
#vannuccia	committee	picnic	#giannig
#vannuccia	committee	picnic	#cappellinic
#vannuccia	committee	picnic	#pacinic
#maffeis	committee	picnic	#pasquinellis
#maffeis	committee	picnic	#lunardinil
#maffeis	committee	picnic	#merciadrie
#maffeis	committee	picnic	#battistiniv
#maffeis	committee	picnic	#giannig
#maffeis	committee	picnic	#cappellinic
#maffeis	committee	picnic	#pacinic
#pasquinellis	committee	picnic	#lunardinil
#pasquinellis	committee	picnic	#merciadrie
#pasquinellis	committee	picnic	#battistiniv
#pasquinellis	committee	picnic	#giannig
#pasquinellis	committee	picnic	#cappellinic
#pasquinellis	committee	picnic	#pacinic
#lunardinil	committee	picnic	#merciadrie
#lunardinil	committee	picnic	#battistiniv
#lunardinil	committee	picnic	#giannig
#lunardinil	committee	picnic	#cappellinic
#lunardinil	committee	picnic	#pacinic
#merciadrie	committee	picnic	#battistiniv
#merciadrie	committee	picnic	#giannig
#merciadrie	committee	picnic	#cappellinic
#merciadrie	committee	picnic	#pacinic
#battistiniv	committee	picnic	#giannig
#battistiniv	committee	picnic	#cappellinic
#battistiniv	committee	picnic	#pacinic
#giannig	committee	picnic	#cappellinic
#giannig	committee	picnic	#pacinic
#cappellinic	committee	picnic	#pacinic
#cappellinic	committee	picnic	#vannuccia
#cappellinic	committee	picnic	#marchettie
#cappellinic	committee	picnic	#pasquinellis
#cappellinic	committee	picnic	#lucchesiam
#cappellinic	committee	picnic	#giannig
#cappellinic	committee	picnic	#viganol
#cappellinic	committee	picnic	#mungaia
#cappellinic	committee	picnic	#zinif
#cappellinic	committee	picnic	#pacinig
#cappellinic	committee	picnic	#merciadrie
#cappellinic	committee	picnic	#zinim
#cappellinic	committee	picnic	#pasquinellie
#cappellinic	committee	picnic	#viganoe
#cappellinic	committee	picnic	#giomettio
#cappellinic	committee	picnic	#cortopassig
#vannuccia	committee	picnic	#marchettie
#vannuccia	committee	picnic	#pasquinellis
#vannuccia	committee	picnic	#lucchesiam
#vannuccia	committee	picnic	#giannig
#vannuccia	committee	picnic	#viganol
#vannuccia	committee	picnic	#mungaia
#vannuccia	committee	picnic	#zinif
#vannuccia	committee	picnic	#pacinig
#vannuccia	committee	picnic	#merciadrie
#vannuccia	committee	picnic	#zinim
#vannuccia	committee	picnic	#pasquinellie
#vannuccia	committee	picnic	#viganoe
#vannuccia	committee	picnic	#giomettio
#vannuccia	committee	picnic	#cortopassig
#marchettie	committee	picnic	#pasquinellis
#marchettie	committee	picnic	#lucchesiam
#marchettie	committee	picnic	#giannig
#marchettie	committee	picnic	#viganol
#marchettie	committee	picnic	#mungaia
#marchettie	committee	picnic	#zinif
#marchettie	committee	picnic	#pacinig
#marchettie	committee	picnic	#merciadrie
#marchettie	committee	picnic	#zinim
#marchettie	committee	picnic	#pasquinellie
#marchettie	committee	picnic	#viganoe
#marchettie	committee	picnic	#giomettio
#marchettie	committee	picnic	#cortopassig
#pasquinellis	committee	picnic	#lucchesiam
#pasquinellis	committee	picnic	#giannig
#pasquinellis	committee	picnic	#viganol
#pasquinellis	committee	picnic	#mungaia
#pasquinellis	committee	picnic	#zinif
#pasquinellis	committee	picnic	#pacinig
#pasquinellis	committee	picnic	#merciadrie
#pasquinellis	committee	picnic	#zinim
#pasquinellis	committee	picnic	#pasquinellie
#pasquinellis	committee	picnic	#viganoe
#pasquinellis	committee	picnic	#giomettio
#pasquinellis	committee	picnic	#cortopassig
#lucchesiam	committee	picnic	#giannig
#lucchesiam	committee	picnic	#viganol
#lucchesiam	committee	picnic	#mungaia
#lucchesiam	committee	picnic	#zinif
#lucchesiam	committee	picnic	#pacinig
#lucchesiam	committee	picnic	#merciadrie
#lucchesiam	committee	picnic	#zinim
#lucchesiam	committee	picnic	#pasquinellie
#lucchesiam	committee	picnic	#viganoe
#lucchesiam	committee	picnic	#giomettio
#lucchesiam	committee	picnic	#cortopassig
#giannig	committee	picnic	#viganol
#giannig	committee	picnic	#mungaia
#giannig	committee	picnic	#zinif
#giannig	committee	picnic	#pacinig
#giannig	committee	picnic	#merciadrie
#giannig	committee	picnic	#zinim
#giannig	committee	picnic	#pasquinellie
#giannig	committee	picnic	#viganoe
#giannig	committee	picnic	#giomettio
#giannig	committee	picnic	#cortopassig
#viganol	committee	picnic	#mungaia
#viganol	committee	picnic	#zinif
#viganol	committee	picnic	#pacinig
#viganol	committee	picnic	#merciadrie
#viganol	committee	picnic	#zinim
#viganol	committee	picnic	#pasquinellie
#viganol	committee	picnic	#viganoe
#viganol	committee	picnic	#giomettio
#viganol	committee	picnic	#cortopassig
#mungaia	committee	picnic	#zinif
#mungaia	committee	picnic	#pacinig
#mungaia	committee	picnic	#merciadrie
#mungaia	committee	picnic	#zinim
#mungaia	committee	picnic	#pasquinellie
#mungaia	committee	picnic	#viganoe
#mungaia	committee	picnic	#giomettio
#mungaia	committee	picnic	#cortopassig
#zinif	committee	picnic	#pacinig
#zinif	committee	picnic	#merciadrie
#zinif	committee	picnic	#zinim
#zinif	committee	picnic	#pasquinellie
#zinif	committee	picnic	#viganoe
#zinif	committee	picnic	#giomettio
#zinif	committee	picnic	#cortopassig
#pacinig	committee	picnic	#merciadrie
#pacinig	committee	picnic	#zinim
#pacinig	committee	picnic	#pasquinellie
#pacinig	committee	picnic	#viganoe
#pacinig	committee	picnic	#giomettio
#pacinig	committee	picnic	#cortopassig
#merciadrie	committee	picnic	#zinim
#merciadrie	committee	picnic	#pasquinellie
#merciadrie	committee	picnic	#viganoe
#merciadrie	committee	picnic	#giomettio
#merciadrie	committee	picnic	#cortopassig
#zinim	committee	picnic	#pasquinellie
#zinim	committee	picnic	#viganoe
#zinim	committee	picnic	#giomettio
#zinim	committee	picnic	#cortopassig
#pasquinellie	committee	picnic	#viganoe
#pasquinellie	committee	picnic	#giomettio
#pasquinellie	committee	picnic	#cortopassig
#viganoe	committee	picnic	#giomettio
#viganoe	committee	picnic	#cortopassig
#giomettio	committee	picnic	#cortopassig
#desimos	committee	ballo	#lunardinil
#desimos	committee	ballo	#viganoe
#desimos	committee	ballo	#pasquinellis
#desimos	committee	ballo	#maffeis
#desimos	committee	ballo	#giannig
#desimos	committee	ballo	#zinim
#lunardinil	committee	ballo	#viganoe
#lunardinil	committee	ballo	#pasquinellis
#lunardinil	committee	ballo	#maffeis
#lunardinil	committee	ballo	#giannig
#lunardinil	committee	ballo	#zinim
#viganoe	committee	ballo	#pasquinellis
#viganoe	committee	ballo	#maffeis
#viganoe	committee	ballo	#giannig
#viganoe	committee	ballo	#zinim
#pasquinellis	committee	ballo	#maffeis
#pasquinellis	committee	ballo	#giannig
#pasquinellis	committee	ballo	#zinim
#maffeis	committee	ballo	#giannig
#maffeis	committee	ballo	#zinim
#giannig	committee	ballo	#zinim
#marconic	committee	ballo	#cappellinic
#marconic	committee	ballo	#fredianim
#marconic	committee	ballo	#battistiniv
#marconic	committee	ballo	#viganol
#marconic	committee	ballo	#pasquinelliam
#marconic	committee	ballo	#pasquinellie
#marconic	committee	ballo	#martinellig
#marconic	committee	ballo	#merciadrie
#marconic	committee	ballo	#pacinic
#marconic	committee	ballo	#piaggesia
#marconic	committee	ballo	#casalio
#cappellinic	committee	ballo	#fredianim
#cappellinic	committee	ballo	#battistiniv
#cappellinic	committee	ballo	#viganol
#cappellinic	committee	ballo	#pasquinelliam
#cappellinic	committee	ballo	#pasquinellie
#cappellinic	committee	ballo	#martinellig
#cappellinic	committee	ballo	#merciadrie
#cappellinic	committee	ballo	#pacinic
#cappellinic	committee	ballo	#piaggesia
#cappellinic	committee	ballo	#casalio
#fredianim	committee	ballo	#battistiniv
#fredianim	committee	ballo	#viganol
#fredianim	committee	ballo	#pasquinelliam
#fredianim	committee	ballo	#pasquinellie
#fredianim	committee	ballo	#martinellig
#fredianim	committee	ballo	#merciadrie
#fredianim	committee	ballo	#pacinic
#fredianim	committee	ballo	#piaggesia
#fredianim	committee	ballo	#casalio
#battistiniv	committee	ballo	#viganol
#battistiniv	committee	ballo	#pasquinelliam
#battistiniv	committee	ballo	#pasquinellie
#battistiniv	committee	ballo	#martinellig
#battistiniv	committee	ballo	#merciadrie
#battistiniv	committee	ballo	#pacinic
#battistiniv	committee	ballo	#piaggesia
#battistiniv	committee	ballo	#casalio
#viganol	committee	ballo	#pasquinelliam
#viganol	committee	ballo	#pasquinellie
#viganol	committee	ballo	#martinellig
#viganol	committee	ballo	#merciadrie
#viganol	committee	ballo	#pacinic
#viganol	committee	ballo	#piaggesia
#viganol	committee	ballo	#casalio
#pasquinelliam	committee	ballo	#pasquinellie
#pasquinelliam	committee	ballo	#martinellig
#pasquinelliam	committee	ballo	#merciadrie
#pasquinelliam	committee	ballo	#pacinic
#pasquinelliam	committee	ballo	#piaggesia
#pasquinelliam	committee	ballo	#casalio
#pasquinellie	committee	ballo	#martinellig
#pasquinellie	committee	ballo	#merciadrie
#pasquinellie	committee	ballo	#pacinic
#pasquinellie	committee	ballo	#piaggesia
#pasquinellie	committee	ballo	#casalio
#martinellig	committee	ballo	#merciadrie
#martinellig	committee	ballo	#pacinic
#martinellig	committee	ballo	#piaggesia
#martinellig	committee	ballo	#casalio
#merciadrie	committee	ballo	#pacinic
#merciadrie	committee	ballo	#piaggesia
#merciadrie	committee	ballo	#casalio
#pacinic	committee	ballo	#piaggesia
#pacinic	committee	ballo	#casalio
#piaggesia	committee	ballo	#casalio
#cinellio	committee	banchetto	#lucchesiam
#cinellio	committee	banchetto	#pardinib
#lucchesiam	committee	banchetto	#pardinib
#lucchesiam	committee	ballo	#pellegrinic
#lucchesiam	committee	ballo	#giannig
#lucchesiam	committee	ballo	#pacinic
#lucchesiam	committee	ballo	#sodinij
#lucchesiam	committee	ballo	#marconic
#lucchesiam	committee	ballo	#fredianim
#lucchesiam	committee	ballo	#cappellinic
#lucchesiam	committee	ballo	#simonettim
#lucchesiam	committee	ballo	#pasquinellis
#lucchesiam	committee	ballo	#lunardinil
#lucchesiam	committee	ballo	#zinim
#pellegrinic	committee	ballo	#giannig
#pellegrinic	committee	ballo	#pacinic
#pellegrinic	committee	ballo	#sodinij
#pellegrinic	committee	ballo	#marconic
#pellegrinic	committee	ballo	#fredianim
#pellegrinic	committee	ballo	#cappellinic
#pellegrinic	committee	ballo	#simonettim
#pellegrinic	committee	ballo	#pasquinellis
#pellegrinic	committee	ballo	#lunardinil
#pellegrinic	committee	ballo	#zinim
#giannig	committee	ballo	#pacinic
#giannig	committee	ballo	#sodinij
#giannig	committee	ballo	#marconic
#giannig	committee	ballo	#fredianim
#giannig	committee	ballo	#cappellinic
#giannig	committee	ballo	#simonettim
#giannig	committee	ballo	#pasquinellis
#giannig	committee	ballo	#lunardinil
#giannig	committee	ballo	#zinim
#pacinic	committee	ballo	#sodinij
#pacinic	committee	ballo	#marconic
#pacinic	committee	ballo	#fredianim
#pacinic	committee	ballo	#cappellinic
#pacinic	committee	ballo	#simonettim
#pacinic	committee	ballo	#pasquinellis
#pacinic	committee	ballo	#lunardinil
#pacinic	committee	ballo	#zinim
#sodinij	committee	ballo	#marconic
#sodinij	committee	ballo	#fredianim
#sodinij	committee	ballo	#cappellinic
#sodinij	committee	ballo	#simonettim
#sodinij	committee	ballo	#pasquinellis
#sodinij	committee	ballo	#lunardinil
#sodinij	committee	ballo	#zinim
#marconic	committee	ballo	#fredianim
#marconic	committee	ballo	#cappellinic
#marconic	committee	ballo	#simonettim
#marconic	committee	ballo	#pasquinellis
#marconic	committee	ballo	#lunardinil
#marconic	committee	ballo	#zinim
#fredianim	committee	ballo	#cappellinic
#fredianim	committee	ballo	#simonettim
#fredianim	committee	ballo	#pasquinellis
#fredianim	committee	ballo	#lunardinil
#fredianim	committee	ballo	#zinim
#cappellinic	committee	ballo	#simonettim
#cappellinic	committee	ballo	#pasquinellis
#cappellinic	committee	ballo	#lunardinil
#cappellinic	committee	ballo	#zinim
#simonettim	committee	ballo	#pasquinellis
#simonettim	committee	ballo	#lunardinil
#simonettim	committee	ballo	#zinim
#pasquinellis	committee	ballo	#lunardinil
#pasquinellis	committee	ballo	#zinim
#lunardinil	committee	ballo	#zinim
#borellim	committee	ballo	#fredianellig
#borellim	committee	ballo	#vannuccie
#borellim	committee	ballo	#maffeip
#borellim	committee	ballo	#francesconia
#borellim	committee	ballo	#giomettic
#borellim	committee	ballo	#datia
#borellim	committee	ballo	#tambellinig
#borellim	committee	ballo	#martinellig
#borellim	committee	ballo	#incroccip
#borellim	committee	ballo	#miconin
#borellim	committee	ballo	#chioccad
#borellim	committee	ballo	#merciadrie
#fredianellig	committee	ballo	#vannuccie
#fredianellig	committee	ballo	#maffeip
#fredianellig	committee	ballo	#francesconia
#fredianellig	committee	ballo	#giomettic
#fredianellig	committee	ballo	#datia
#fredianellig	committee	ballo	#tambellinig
#fredianellig	committee	ballo	#martinellig
#fredianellig	committee	ballo	#incroccip
#fredianellig	committee	ballo	#miconin
#fredianellig	committee	ballo	#chioccad
#fredianellig	committee	ballo	#merciadrie
#vannuccie	committee	ballo	#maffeip
#vannuccie	committee	ballo	#francesconia
#vannuccie	committee	ballo	#giomettic
#vannuccie	committee	ballo	#datia
#vannuccie	committee	ballo	#tambellinig
#vannuccie	committee	ballo	#martinellig
#vannuccie	committee	ballo	#incroccip
#vannuccie	committee	ballo	#miconin
#vannuccie	committee	ballo	#chioccad
#vannuccie	committee	ballo	#merciadrie
#maffeip	committee	ballo	#francesconia
#maffeip	committee	ballo	#giomettic
#maffeip	committee	ballo	#datia
#maffeip	committee	ballo	#tambellinig
#maffeip	committee	ballo	#martinellig
#maffeip	committee	ballo	#incroccip
#maffeip	committee	ballo	#miconin
#maffeip	committee	ballo	#chioccad
#maffeip	committee	ballo	#merciadrie
#francesconia	committee	ballo	#giomettic
#francesconia	committee	ballo	#datia
#francesconia	committee	ballo	#tambellinig
#francesconia	committee	ballo	#martinellig
#francesconia	committee	ballo	#incroccip
#francesconia	committee	ballo	#miconin
#francesconia	committee	ballo	#chioccad
#francesconia	committee	ballo	#merciadrie
#giomettic	committee	ballo	#datia
#giomettic	committee	ballo	#tambellinig
#giomettic	committee	ballo	#martinellig
#giomettic	committee	ballo	#incroccip
#giomettic	committee	ballo	#miconin
#giomettic	committee	ballo	#chioccad
#giomettic	committee	ballo	#merciadrie
#datia	committee	ballo	#tambellinig
#datia	committee	ballo	#martinellig
#datia	committee	ballo	#incroccip
#datia	committee	ballo	#miconin
#datia	committee	ballo	#chioccad
#datia	committee	ballo	#merciadrie
#tambellinig	committee	ballo	#martinellig
#tambellinig	committee	ballo	#incroccip
#tambellinig	committee	ballo	#miconin
#tambellinig	committee	ballo	#chioccad
#tambellinig	committee	ballo	#merciadrie
#martinellig	committee	ballo	#incroccip
#martinellig	committee	ballo	#miconin
#martinellig	committee	ballo	#chioccad
#martinellig	committee	ballo	#merciadrie
#incroccip	committee	ballo	#miconin
#incroccip	committee	ballo	#chioccad
#incroccip	committee	ballo	#merciadrie
#miconin	committee	ballo	#chioccad
#miconin	committee	ballo	#merciadrie
#chioccad	committee	ballo	#merciadrie
#lunardinil	committee	picnic	#zinim
#lunardinil	committee	picnic	#vannuccie
#lunardinil	committee	picnic	#pasquinellis
#lunardinil	committee	picnic	#lucchesiam
#zinim	committee	picnic	#vannuccie
#zinim	committee	picnic	#pasquinellis
#zinim	committee	picnic	#lucchesiam
#vannuccie	committee	picnic	#pasquinellis
#vannuccie	committee	picnic	#lucchesiam
#pasquinellis	committee	picnic	#lucchesiam
#fredianim	committee	picnic	#cinellio
#fredianim	committee	picnic	#danesiv
#fredianim	committee	picnic	#viganol
#fredianim	committee	picnic	#merciadrie
#fredianim	committee	picnic	#vannuccie
#fredianim	committee	picnic	#datia
#cinellio	committee	picnic	#danesiv
#cinellio	committee	picnic	#viganol
#cinellio	committee	picnic	#merciadrie
#cinellio	committee	picnic	#vannuccie
#cinellio	committee	picnic	#datia
#danesiv	committee	picnic	#viganol
#danesiv	committee	picnic	#merciadrie
#danesiv	committee	picnic	#vannuccie
#danesiv	committee	picnic	#datia
#viganol	committee	picnic	#merciadrie
#viganol	committee	picnic	#vannuccie
#viganol	committee	picnic	#datia
#merciadrie	committee	picnic	#vannuccie
#merciadrie	committee	picnic	#datia
#vannuccie	committee	picnic	#datia
#fredianim	committee	parata	#maffeis
#fredianim	committee	parata	#desantie
#fredianim	committee	parata	#pistelliu
#fredianim	committee	parata	#zinim
#fredianim	committee	parata	#zinif
#fredianim	committee	parata	#zinib
#fredianim	committee	parata	#pacinic
#maffeis	committee	parata	#desantie
#maffeis	committee	parata	#pistelliu
#maffeis	committee	parata	#zinim
#maffeis	committee	parata	#zinif
#maffeis	committee	parata	#zinib
#maffeis	committee	parata	#pacinic
#desantie	committee	parata	#pistelliu
#desantie	committee	parata	#zinim
#desantie	committee	parata	#zinif
#desantie	committee	parata	#zinib
#desantie	committee	parata	#pacinic
#pistelliu	committee	parata	#zinim
#pistelliu	committee	parata	#zinif
#pistelliu	committee	parata	#zinib
#pistelliu	committee	parata	#pacinic
#zinim	committee	parata	#zinif
#zinim	committee	parata	#zinib
#zinim	committee	parata	#pacinic
#zinif	committee	parata	#zinib
#zinif	committee	parata	#pacinic
#zinib	committee	parata	#pacinic
#tambellinig	committee	ballo	#zinib
#tambellinig	committee	ballo	#giannig
#tambellinig	committee	ballo	#datia
#tambellinig	committee	ballo	#lunardinil
#tambellinig	committee	ballo	#fontanae
#tambellinig	committee	ballo	#maffeigio
#tambellinig	committee	ballo	#vannuccia
#tambellinig	committee	ballo	#chioccad
#tambellinig	committee	ballo	#cinellio
#tambellinig	committee	ballo	#danesiv
#tambellinig	committee	ballo	#merciadrie
#tambellinig	committee	ballo	#maffeip
#tambellinig	committee	ballo	#lunardial
#zinib	committee	ballo	#giannig
#zinib	committee	ballo	#datia
#zinib	committee	ballo	#lunardinil
#zinib	committee	ballo	#fontanae
#zinib	committee	ballo	#maffeigio
#zinib	committee	ballo	#vannuccia
#zinib	committee	ballo	#chioccad
#zinib	committee	ballo	#cinellio
#zinib	committee	ballo	#danesiv
#zinib	committee	ballo	#merciadrie
#zinib	committee	ballo	#maffeip
#zinib	committee	ballo	#lunardial
#giannig	committee	ballo	#datia
#giannig	committee	ballo	#lunardinil
#giannig	committee	ballo	#fontanae
#giannig	committee	ballo	#maffeigio
#giannig	committee	ballo	#vannuccia
#giannig	committee	ballo	#chioccad
#giannig	committee	ballo	#cinellio
#giannig	committee	ballo	#danesiv
#giannig	committee	ballo	#merciadrie
#giannig	committee	ballo	#maffeip
#giannig	committee	ballo	#lunardial
#datia	committee	ballo	#lunardinil
#datia	committee	ballo	#fontanae
#datia	committee	ballo	#maffeigio
#datia	committee	ballo	#vannuccia
#datia	committee	ballo	#chioccad
#datia	committee	ballo	#cinellio
#datia	committee	ballo	#danesiv
#datia	committee	ballo	#merciadrie
#datia	committee	ballo	#maffeip
#datia	committee	ballo	#lunardial
#lunardinil	committee	ballo	#fontanae
#lunardinil	committee	ballo	#maffeigio
#lunardinil	committee	ballo	#vannuccia
#lunardinil	committee	ballo	#chioccad
#lunardinil	committee	ballo	#cinellio
#lunardinil	committee	ballo	#danesiv
#lunardinil	committee	ballo	#merciadrie
#lunardinil	committee	ballo	#maffeip
#lunardinil	committee	ballo	#lunardial
#fontanae	committee	ballo	#maffeigio
#fontanae	committee	ballo	#vannuccia
#fontanae	committee	ballo	#chioccad
#fontanae	committee	ballo	#cinellio
#fontanae	committee	ballo	#danesiv
#fontanae	committee	ballo	#merciadrie
#fontanae	committee	ballo	#maffeip
#fontanae	committee	ballo	#lunardial
#maffeigio	committee	ballo	#vannuccia
#maffeigio	committee	ballo	#chioccad
#maffeigio	committee	ballo	#cinellio
#maffeigio	committee	ballo	#danesiv
#maffeigio	committee	ballo	#merciadrie
#maffeigio	committee	ballo	#maffeip
#maffeigio	committee	ballo	#lunardial
#vannuccia	committee	ballo	#chioccad
#vannuccia	committee	ballo	#cinellio
#vannuccia	committee	ballo	#danesiv
#vannuccia	committee	ballo	#merciadrie
#vannuccia	committee	ballo	#maffeip
#vannuccia	committee	ballo	#lunardial
#chioccad	committee	ballo	#cinellio
#chioccad	committee	ballo	#danesiv
#chioccad	committee	ballo	#merciadrie
#chioccad	committee	ballo	#maffeip
#chioccad	committee	ballo	#lunardial
#cinellio	committee	ballo	#danesiv
#cinellio	committee	ballo	#merciadrie
#cinellio	committee	ballo	#maffeip
#cinellio	committee	ballo	#lunardial
#danesiv	committee	ballo	#merciadrie
#danesiv	committee	ballo	#maffeip
#danesiv	committee	ballo	#lunardial
#merciadrie	committee	ballo	#maffeip
#merciadrie	committee	ballo	#lunardial
#maffeip	committee	ballo	#lunardial
#maffeis	committee	banchetto	#fredianim
#maffeis	committee	banchetto	#bertonie
#maffeis	committee	banchetto	#pasquinellis
#maffeis	committee	banchetto	#giannig
#maffeis	committee	banchetto	#lunardinil
#fredianim	committee	banchetto	#bertonie
#fredianim	committee	banchetto	#pasquinellis
#fredianim	committee	banchetto	#giannig
#fredianim	committee	banchetto	#lunardinil
#bertonie	committee	banchetto	#pasquinellis
#bertonie	committee	banchetto	#giannig
#bertonie	committee	banchetto	#lunardinil
#pasquinellis	committee	banchetto	#giannig
#pasquinellis	committee	banchetto	#lunardinil
#giannig	committee	banchetto	#lunardinil
#maffeis	committee	banchetto	#viganol
#maffeis	committee	banchetto	#pasquinellis
#maffeis	committee	banchetto	#giannig
#maffeis	committee	banchetto	#datia
#maffeis	committee	banchetto	#fredianim
#viganol	committee	banchetto	#pasquinellis
#viganol	committee	banchetto	#giannig
#viganol	committee	banchetto	#datia
#viganol	committee	banchetto	#fredianim
#pasquinellis	committee	banchetto	#giannig
#pasquinellis	committee	banchetto	#datia
#pasquinellis	committee	banchetto	#fredianim
#giannig	committee	banchetto	#datia
#giannig	committee	banchetto	#fredianim
#datia	committee	banchetto	#fredianim
#simonettim	committee	picnic	#desantie
#simonettim	committee	picnic	#giannig
#simonettim	committee	picnic	#scarpellinis
#simonettim	committee	picnic	#pasquinellis
#simonettim	committee	picnic	#viganol
#simonettim	committee	picnic	#baccellim
#simonettim	committee	picnic	#pellegrinie
#simonettim	committee	picnic	#piaggesia
#simonettim	committee	picnic	#merciadrie
#simonettim	committee	picnic	#barsottigiu
#simonettim	committee	picnic	#zinim
#simonettim	committee	picnic	#datia
#desantie	committee	picnic	#giannig
#desantie	committee	picnic	#scarpellinis
#desantie	committee	picnic	#pasquinellis
#desantie	committee	picnic	#viganol
#desantie	committee	picnic	#baccellim
#desantie	committee	picnic	#pellegrinie
#desantie	committee	picnic	#piaggesia
#desantie	committee	picnic	#merciadrie
#desantie	committee	picnic	#barsottigiu
#desantie	committee	picnic	#zinim
#desantie	committee	picnic	#datia
#giannig	committee	picnic	#scarpellinis
#giannig	committee	picnic	#pasquinellis
#giannig	committee	picnic	#viganol
#giannig	committee	picnic	#baccellim
#giannig	committee	picnic	#pellegrinie
#giannig	committee	picnic	#piaggesia
#giannig	committee	picnic	#merciadrie
#giannig	committee	picnic	#barsottigiu
#giannig	committee	picnic	#zinim
#giannig	committee	picnic	#datia
#scarpellinis	committee	picnic	#pasquinellis
#scarpellinis	committee	picnic	#viganol
#scarpellinis	committee	picnic	#baccellim
#scarpellinis	committee	picnic	#pellegrinie
#scarpellinis	committee	picnic	#piaggesia
#scarpellinis	committee	picnic	#merciadrie
#scarpellinis	committee	picnic	#barsottigiu
#scarpellinis	committee	picnic	#zinim
#scarpellinis	committee	picnic	#datia
#pasquinellis	committee	picnic	#viganol
#pasquinellis	committee	picnic	#baccellim
#pasquinellis	committee	picnic	#pellegrinie
#pasquinellis	committee	picnic	#piaggesia
#pasquinellis	committee	picnic	#merciadrie
#pasquinellis	committee	picnic	#barsottigiu
#pasquinellis	committee	picnic	#zinim
#pasquinellis	committee	picnic	#datia
#viganol	committee	picnic	#baccellim
#viganol	committee	picnic	#pellegrinie
#viganol	committee	picnic	#piaggesia
#viganol	committee	picnic	#merciadrie
#viganol	committee	picnic	#barsottigiu
#viganol	committee	picnic	#zinim
#viganol	committee	picnic	#datia
#baccellim	committee	picnic	#pellegrinie
#baccellim	committee	picnic	#piaggesia
#baccellim	committee	picnic	#merciadrie
#baccellim	committee	picnic	#barsottigiu
#baccellim	committee	picnic	#zinim
#baccellim	committee	picnic	#datia
#pellegrinie	committee	picnic	#piaggesia
#pellegrinie	committee	picnic	#merciadrie
#pellegrinie	committee	picnic	#barsottigiu
#pellegrinie	committee	picnic	#zinim
#pellegrinie	committee	picnic	#datia
#piaggesia	committee	picnic	#merciadrie
#piaggesia	committee	picnic	#barsottigiu
#piaggesia	committee	picnic	#zinim
#piaggesia	committee	picnic	#datia
#merciadrie	committee	picnic	#barsottigiu
#merciadrie	committee	picnic	#zinim
#merciadrie	committee	picnic	#datia
#barsottigiu	committee	picnic	#zinim
#barsottigiu	committee	picnic	#datia
#zinim	committee	picnic	#datia
#marsilia	committee	picnic	#silvionic
#marsilia	committee	picnic	#vannuccie
#marsilia	committee	picnic	#vannuccia
#marsilia	committee	picnic	#lunardinifr
#marsilia	committee	picnic	#pasquinelliam
#marsilia	committee	picnic	#fredianellig
#marsilia	committee	picnic	#maffeigio
#marsilia	committee	picnic	#maffeis
#marsilia	committee	picnic	#cinellio
#marsilia	committee	picnic	#carloe
#marsilia	committee	picnic	#pasquinellie
#silvionic	committee	picnic	#vannuccie
#silvionic	committee	picnic	#vannuccia
#silvionic	committee	picnic	#lunardinifr
#silvionic	committee	picnic	#pasquinelliam
#silvionic	committee	picnic	#fredianellig
#silvionic	committee	picnic	#maffeigio
#silvionic	committee	picnic	#maffeis
#silvionic	committee	picnic	#cinellio
#silvionic	committee	picnic	#carloe
#silvionic	committee	picnic	#pasquinellie
#vannuccie	committee	picnic	#vannuccia
#vannuccie	committee	picnic	#lunardinifr
#vannuccie	committee	picnic	#pasquinelliam
#vannuccie	committee	picnic	#fredianellig
#vannuccie	committee	picnic	#maffeigio
#vannuccie	committee	picnic	#maffeis
#vannuccie	committee	picnic	#cinellio
#vannuccie	committee	picnic	#carloe
#vannuccie	committee	picnic	#pasquinellie
#vannuccia	committee	picnic	#lunardinifr
#vannuccia	committee	picnic	#pasquinelliam
#vannuccia	committee	picnic	#fredianellig
#vannuccia	committee	picnic	#maffeigio
#vannuccia	committee	picnic	#maffeis
#vannuccia	committee	picnic	#cinellio
#vannuccia	committee	picnic	#carloe
#vannuccia	committee	picnic	#pasquinellie
#lunardinifr	committee	picnic	#pasquinelliam
#lunardinifr	committee	picnic	#fredianellig
#lunardinifr	committee	picnic	#maffeigio
#lunardinifr	committee	picnic	#maffeis
#lunardinifr	committee	picnic	#cinellio
#lunardinifr	committee	picnic	#carloe
#lunardinifr	committee	picnic	#pasquinellie
#pasquinelliam	committee	picnic	#fredianellig
#pasquinelliam	committee	picnic	#maffeigio
#pasquinelliam	committee	picnic	#maffeis
#pasquinelliam	committee	picnic	#cinellio
#pasquinelliam	committee	picnic	#carloe
#pasquinelliam	committee	picnic	#pasquinellie
#fredianellig	committee	picnic	#maffeigio
#fredianellig	committee	picnic	#maffeis
#fredianellig	committee	picnic	#cinellio
#fredianellig	committee	picnic	#carloe
#fredianellig	committee	picnic	#pasquinellie
#maffeigio	committee	picnic	#maffeis
#maffeigio	committee	picnic	#cinellio
#maffeigio	committee	picnic	#carloe
#maffeigio	committee	picnic	#pasquinellie
#maffeis	committee	picnic	#cinellio
#maffeis	committee	picnic	#carloe
#maffeis	committee	picnic	#pasquinellie
#cinellio	committee	picnic	#carloe
#cinellio	committee	picnic	#pasquinellie
#carloe	committee	picnic	#pasquinellie
#desantie	committee	ballo	#cinellio
#desantie	committee	ballo	#zinim
#desantie	committee	ballo	#barontinid
#desantie	committee	ballo	#pasquinellie
#desantie	committee	ballo	#silvionic
#desantie	committee	ballo	#tambellinig
#desantie	committee	ballo	#puccettia
#desantie	committee	ballo	#martinellig
#desantie	committee	ballo	#pasquinelliam
#desantie	committee	ballo	#vannuccia
#desantie	committee	ballo	#vannuccie
#desantie	committee	ballo	#guidottie
#desantie	committee	ballo	#baggianig
#desantie	committee	ballo	#merciadrie
#desantie	committee	ballo	#maffeis
#desantie	committee	ballo	#datia
#desantie	committee	ballo	#fredianellig
#desantie	committee	ballo	#giannig
#desantie	committee	ballo	#viganol
#desantie	committee	ballo	#lunardinil
#desantie	committee	ballo	#maffeir
#cinellio	committee	ballo	#zinim
#cinellio	committee	ballo	#barontinid
#cinellio	committee	ballo	#pasquinellie
#cinellio	committee	ballo	#silvionic
#cinellio	committee	ballo	#tambellinig
#cinellio	committee	ballo	#puccettia
#cinellio	committee	ballo	#martinellig
#cinellio	committee	ballo	#pasquinelliam
#cinellio	committee	ballo	#vannuccia
#cinellio	committee	ballo	#vannuccie
#cinellio	committee	ballo	#guidottie
#cinellio	committee	ballo	#baggianig
#cinellio	committee	ballo	#merciadrie
#cinellio	committee	ballo	#maffeis
#cinellio	committee	ballo	#datia
#cinellio	committee	ballo	#fredianellig
#cinellio	committee	ballo	#giannig
#cinellio	committee	ballo	#viganol
#cinellio	committee	ballo	#lunardinil
#cinellio	committee	ballo	#maffeir
#zinim	committee	ballo	#barontinid
#zinim	committee	ballo	#pasquinellie
#zinim	committee	ballo	#silvionic
#zinim	committee	ballo	#tambellinig
#zinim	committee	ballo	#puccettia
#zinim	committee	ballo	#martinellig
#zinim	committee	ballo	#pasquinelliam
#zinim	committee	ballo	#vannuccia
#zinim	committee	ballo	#vannuccie
#zinim	committee	ballo	#guidottie
#zinim	committee	ballo	#baggianig
#zinim	committee	ballo	#merciadrie
#zinim	committee	ballo	#maffeis
#zinim	committee	ballo	#datia
#zinim	committee	ballo	#fredianellig
#zinim	committee	ballo	#giannig
#zinim	committee	ballo	#viganol
#zinim	committee	ballo	#lunardinil
#zinim	committee	ballo	#maffeir
#barontinid	committee	ballo	#pasquinellie
#barontinid	committee	ballo	#silvionic
#barontinid	committee	ballo	#tambellinig
#barontinid	committee	ballo	#puccettia
#barontinid	committee	ballo	#martinellig
#barontinid	committee	ballo	#pasquinelliam
#barontinid	committee	ballo	#vannuccia
#barontinid	committee	ballo	#vannuccie
#barontinid	committee	ballo	#guidottie
#barontinid	committee	ballo	#baggianig
#barontinid	committee	ballo	#merciadrie
#barontinid	committee	ballo	#maffeis
#barontinid	committee	ballo	#datia
#barontinid	committee	ballo	#fredianellig
#barontinid	committee	ballo	#giannig
#barontinid	committee	ballo	#viganol
#barontinid	committee	ballo	#lunardinil
#barontinid	committee	ballo	#maffeir
#pasquinellie	committee	ballo	#silvionic
#pasquinellie	committee	ballo	#tambellinig
#pasquinellie	committee	ballo	#puccettia
#pasquinellie	committee	ballo	#martinellig
#pasquinellie	committee	ballo	#pasquinelliam
#pasquinellie	committee	ballo	#vannuccia
#pasquinellie	committee	ballo	#vannuccie
#pasquinellie	committee	ballo	#guidottie
#pasquinellie	committee	ballo	#baggianig
#pasquinellie	committee	ballo	#merciadrie
#pasquinellie	committee	ballo	#maffeis
#pasquinellie	committee	ballo	#datia
#pasquinellie	committee	ballo	#fredianellig
#pasquinellie	committee	ballo	#giannig
#pasquinellie	committee	ballo	#viganol
#pasquinellie	committee	ballo	#lunardinil
#pasquinellie	committee	ballo	#maffeir
#silvionic	committee	ballo	#tambellinig
#silvionic	committee	ballo	#puccettia
#silvionic	committee	ballo	#martinellig
#silvionic	committee	ballo	#pasquinelliam
#silvionic	committee	ballo	#vannuccia
#silvionic	committee	ballo	#vannuccie
#silvionic	committee	ballo	#guidottie
#silvionic	committee	ballo	#baggianig
#silvionic	committee	ballo	#merciadrie
#silvionic	committee	ballo	#maffeis
#silvionic	committee	ballo	#datia
#silvionic	committee	ballo	#fredianellig
#silvionic	committee	ballo	#giannig
#silvionic	committee	ballo	#viganol
#silvionic	committee	ballo	#lunardinil
#silvionic	committee	ballo	#maffeir
#tambellinig	committee	ballo	#puccettia
#tambellinig	committee	ballo	#martinellig
#tambellinig	committee	ballo	#pasquinelliam
#tambellinig	committee	ballo	#vannuccia
#tambellinig	committee	ballo	#vannuccie
#tambellinig	committee	ballo	#guidottie
#tambellinig	committee	ballo	#baggianig
#tambellinig	committee	ballo	#merciadrie
#tambellinig	committee	ballo	#maffeis
#tambellinig	committee	ballo	#datia
#tambellinig	committee	ballo	#fredianellig
#tambellinig	committee	ballo	#giannig
#tambellinig	committee	ballo	#viganol
#tambellinig	committee	ballo	#lunardinil
#tambellinig	committee	ballo	#maffeir
#puccettia	committee	ballo	#martinellig
#puccettia	committee	ballo	#pasquinelliam
#puccettia	committee	ballo	#vannuccia
#puccettia	committee	ballo	#vannuccie
#puccettia	committee	ballo	#guidottie
#puccettia	committee	ballo	#baggianig
#puccettia	committee	ballo	#merciadrie
#puccettia	committee	ballo	#maffeis
#puccettia	committee	ballo	#datia
#puccettia	committee	ballo	#fredianellig
#puccettia	committee	ballo	#giannig
#puccettia	committee	ballo	#viganol
#puccettia	committee	ballo	#lunardinil
#puccettia	committee	ballo	#maffeir
#martinellig	committee	ballo	#pasquinelliam
#martinellig	committee	ballo	#vannuccia
#martinellig	committee	ballo	#vannuccie
#martinellig	committee	ballo	#guidottie
#martinellig	committee	ballo	#baggianig
#martinellig	committee	ballo	#merciadrie
#martinellig	committee	ballo	#maffeis
#martinellig	committee	ballo	#datia
#martinellig	committee	ballo	#fredianellig
#martinellig	committee	ballo	#giannig
#martinellig	committee	ballo	#viganol
#martinellig	committee	ballo	#lunardinil
#martinellig	committee	ballo	#maffeir
#pasquinelliam	committee	ballo	#vannuccia
#pasquinelliam	committee	ballo	#vannuccie
#pasquinelliam	committee	ballo	#guidottie
#pasquinelliam	committee	ballo	#baggianig
#pasquinelliam	committee	ballo	#merciadrie
#pasquinelliam	committee	ballo	#maffeis
#pasquinelliam	committee	ballo	#datia
#pasquinelliam	committee	ballo	#fredianellig
#pasquinelliam	committee	ballo	#giannig
#pasquinelliam	committee	ballo	#viganol
#pasquinelliam	committee	ballo	#lunardinil
#pasquinelliam	committee	ballo	#maffeir
#vannuccia	committee	ballo	#vannuccie
#vannuccia	committee	ballo	#guidottie
#vannuccia	committee	ballo	#baggianig
#vannuccia	committee	ballo	#merciadrie
#vannuccia	committee	ballo	#maffeis
#vannuccia	committee	ballo	#datia
#vannuccia	committee	ballo	#fredianellig
#vannuccia	committee	ballo	#giannig
#vannuccia	committee	ballo	#viganol
#vannuccia	committee	ballo	#lunardinil
#vannuccia	committee	ballo	#maffeir
#vannuccie	committee	ballo	#guidottie
#vannuccie	committee	ballo	#baggianig
#vannuccie	committee	ballo	#merciadrie
#vannuccie	committee	ballo	#maffeis
#vannuccie	committee	ballo	#datia
#vannuccie	committee	ballo	#fredianellig
#vannuccie	committee	ballo	#giannig
#vannuccie	committee	ballo	#viganol
#vannuccie	committee	ballo	#lunardinil
#vannuccie	committee	ballo	#maffeir
#guidottie	committee	ballo	#baggianig
#guidottie	committee	ballo	#merciadrie
#guidottie	committee	ballo	#maffeis
#guidottie	committee	ballo	#datia
#guidottie	committee	ballo	#fredianellig
#guidottie	committee	ballo	#giannig
#guidottie	committee	ballo	#viganol
#guidottie	committee	ballo	#lunardinil
#guidottie	committee	ballo	#maffeir
#baggianig	committee	ballo	#merciadrie
#baggianig	committee	ballo	#maffeis
#baggianig	committee	ballo	#datia
#baggianig	committee	ballo	#fredianellig
#baggianig	committee	ballo	#giannig
#baggianig	committee	ballo	#viganol
#baggianig	committee	ballo	#lunardinil
#baggianig	committee	ballo	#maffeir
#merciadrie	committee	ballo	#maffeis
#merciadrie	committee	ballo	#datia
#merciadrie	committee	ballo	#fredianellig
#merciadrie	committee	ballo	#giannig
#merciadrie	committee	ballo	#viganol
#merciadrie	committee	ballo	#lunardinil
#merciadrie	committee	ballo	#maffeir
#maffeis	committee	ballo	#datia
#maffeis	committee	ballo	#fredianellig
#maffeis	committee	ballo	#giannig
#maffeis	committee	ballo	#viganol
#maffeis	committee	ballo	#lunardinil
#maffeis	committee	ballo	#maffeir
#datia	committee	ballo	#fredianellig
#datia	committee	ballo	#giannig
#datia	committee	ballo	#viganol
#datia	committee	ballo	#lunardinil
#datia	committee	ballo	#maffeir
#fredianellig	committee	ballo	#giannig
#fredianellig	committee	ballo	#viganol
#fredianellig	committee	ballo	#lunardinil
#fredianellig	committee	ballo	#maffeir
#giannig	committee	ballo	#viganol
#giannig	committee	ballo	#lunardinil
#giannig	committee	ballo	#maffeir
#viganol	committee	ballo	#lunardinil
#viganol	committee	ballo	#maffeir
#lunardinil	committee	ballo	#maffeir
